,AA,ALB,FCX,NEM,NUE,SCCO,STLD,ROCK,WIRE,WPM,XME
2015-09-01,27.63,42.86,9.76,16.73,42.04,25.43,18.8,15.98,31.3,11.83,19.54
2015-09-02,27.99,42.73,9.89,16.22,42.81,26.44,19.44,16.66,31.61,11.69,19.68
2015-09-03,28.68,42.87,10.12,16.19,42.88,27.16,19.23,16.5,32.13,11.585,19.62
2015-09-04,28.47,42.43,9.7,15.71,41.68,26.36,18.69,16.37,32.12,11.41,19.32
2015-09-08,29.145,42.98,10.4,15.95,42.54,27.74,19.63,16.56,33.3,11.67,19.68
2015-09-09,28.71,43.03,10.74,15.62,41.55,27.5,19.19,16.76,33.3,11.39,19.31
2015-09-10,28.86,42.81,11.28,15.56,41.83,28.13,19.03,16.5,33.16,11.42,19.01
2015-09-11,28.92,42.01,11.39,16.24,42.1,28.2,18.79,16.92,32.71,11.625,18.83
2015-09-14,28.14,41.89,11.17,15.88,40.72,27.7,18.1,16.67,32.13,11.15,18.32
2015-09-15,28.89,44.27,11.29,15.97,40.9,27.83,18.0,17.04,32.75,11.5,18.51
2015-09-16,29.58,44.75,11.84,16.93,41.62,28.28,18.19,17.47,33.94,12.3457,19.07
2015-09-17,29.85,45.05,12.05,17.23,41.34,28.16,18.0,17.45,33.8,12.52,19.0099
2015-09-18,29.91,45.68,10.7399,16.97,40.26,27.14,17.88,16.71,32.32,12.39,18.41
2015-09-21,29.73,46.4,10.53,16.63,40.26,27.03,17.92,16.44,32.09,12.19,18.09
2015-09-22,28.515,45.72,10.6,15.6,39.1122,26.67,17.33,16.29,31.87,11.78,17.3
2015-09-23,27.6,45.29,9.99,15.54,38.45,26.38,17.03,16.48,31.0,11.57,16.77
2015-09-24,27.6,45.21,9.99,16.77,38.64,26.89,17.58,16.76,31.51,12.52,17.42
2015-09-25,27.24,45.13,9.79,16.6,38.52,26.67,17.25,17.05,31.84,12.44,16.9299
2015-09-28,28.83,41.78,8.91,16.0,37.03,25.88,16.68,17.61,31.6,11.78,16.43
2015-09-29,28.38,42.51,9.115,15.8115,37.15,26.09,16.83,17.84,32.22,11.82,16.47
2015-09-30,28.95,44.08,9.68,16.06,37.55,26.705,17.18,18.41,32.68,12.02,16.73
2015-10-01,27.84,45.19,9.82,15.83,37.6,27.2099,17.21,18.3,32.71,11.52,16.58
2015-10-02,28.56,46.15,10.63,17.08,38.0,27.6,17.8,18.35,34.07,12.78,17.35
2015-10-05,31.2,47.44,11.185,17.94,39.82,28.36,18.18,18.7501,36.18,13.56,18.27
2015-10-06,32.94,47.61,11.84,18.36,39.93,28.67,18.16,18.53,35.7201,14.46,19.05
2015-10-07,32.79,48.9,13.015,18.95,40.57,28.9,18.93,18.75,36.89,14.43,19.2
2015-10-08,33.03,50.58,13.46,18.65,41.27,28.92,19.07,19.12,38.26,14.19,19.59
2015-10-09,30.78,50.74,13.48,18.94,41.47,30.16,19.08,19.18,38.0,14.45,19.77
2015-10-12,30.24,50.49,12.94,18.44,41.29,29.83,19.08,19.02,37.195,13.89,19.09
2015-10-13,30.09,50.24,12.73,18.36,41.52,29.36,19.12,18.98,36.4299,13.7,19.01
2015-10-14,29.79,51.44,13.05,19.48,41.51,29.405,19.15,18.92,36.61,14.74,19.19
2015-10-15,29.1,51.48,13.0,19.31,42.185,29.37,19.36,19.55,38.07,14.86,19.58
2015-10-16,28.65,52.45,12.45,18.995,42.17,28.78,18.95,21.79,37.47,14.29,19.06
2015-10-19,28.29,52.22,12.03,18.55,41.12,28.48,18.1,21.63,38.09,13.64,18.4
2015-10-20,28.26,52.1,12.24,18.85,40.89,28.51,17.85,21.983,37.97,14.01,18.2701
2015-10-21,27.36,51.17,11.95,18.43,40.3,28.04,17.69,21.95,37.29,13.56,17.78
2015-10-22,27.3,52.39,12.01,19.05,42.6,28.45,18.46,22.1,38.0,13.87,18.28
2015-10-23,27.39,52.57,12.13,19.55,43.5,29.01,18.72,21.96,43.12,14.39,18.53
2015-10-26,26.31,52.66,12.0228,18.81,42.37,28.595,18.26,21.6,42.44,14.27,17.74
2015-10-27,26.16,51.92,11.6,18.79,42.38,28.16,18.3,21.5,41.23,14.47,17.31
2015-10-28,26.97,53.59,11.77,19.15,42.65,28.08,18.66,24.5,43.17,14.61,17.54
2015-10-29,26.85,54.29,11.62,19.9,42.33,27.63,18.56,24.91,42.76,13.75,17.22
2015-10-30,26.82,53.53,11.76,19.46,42.33,27.76,18.47,25.32,42.71,13.59,17.2301
2015-11-02,27.54,54.25,11.82,19.63,43.54,28.05,19.325,25.95,43.24,13.72,17.855
2015-11-03,28.17,54.67,12.4,19.21,43.38,28.15,18.6,25.88,42.92,13.66,18.0199
2015-11-04,28.17,54.22,12.01,19.0,42.73,27.86,18.43,26.22,43.375,13.63,17.72
2015-11-05,27.6,49.44,11.48,17.5,42.28,27.62,18.38,25.97,43.8,12.96,17.2
2015-11-06,27.27,50.68,10.75,17.53,42.1,26.95,18.35,26.1,44.47,12.53,17.05
2015-11-09,25.83,49.93,10.49,17.87,41.77,26.67,17.72,26.59,43.97,12.72,16.885
2015-11-10,25.08,49.58,9.83,17.48,41.72,26.8,17.1,26.31,44.28,12.46,16.71
2015-11-11,24.24,48.9,9.3001,17.79,41.21,26.63,17.23,26.02,44.28,12.36,16.44
2015-11-12,23.46,46.91,8.77,17.33,40.11,26.18,17.05,25.07,43.25,12.35,15.95
2015-11-13,23.97,47.6,8.672,17.5,40.64,26.11,17.24,25.18,43.63,12.4,15.97
2015-11-16,24.84,47.98,8.86,17.63,41.1,25.79,17.4,25.18,44.28,12.52,16.2
2015-11-17,24.81,48.525,8.4,16.87,40.53,25.61,17.28,25.27,43.32,12.08,15.63
2015-11-18,25.23,50.8,8.77,17.63,42.16,26.3599,18.02,25.68,43.82,12.67,16.2
2015-11-19,26.25,50.7,8.41,18.04,41.81,26.76,17.88,25.28,43.66,12.93,16.18
2015-11-20,26.13,51.68,8.25,17.725,41.31,27.34,17.66,25.45,43.45,12.54,15.72
2015-11-23,27.24,52.12,8.0,17.56,40.67,25.9801,17.37,25.54,43.33,12.44,15.6
2015-11-24,27.3,53.0,8.31,18.01,42.19,26.07,17.81,26.0801,43.64,12.69,16.05
2015-11-25,28.26,52.91,8.11,17.91,41.64,25.69,17.37,25.81,43.95,12.69,16.055
2015-11-27,27.93,53.13,8.1,17.39,41.75,25.695,17.49,25.9101,43.83,12.59,15.94
2015-11-30,28.08,53.53,8.18,18.42,41.44,25.74,17.4,26.69,43.67,13.13,16.07
2015-12-01,28.38,52.97,8.33,18.39,42.17,26.14,17.53,26.27,43.71,13.53,16.375
2015-12-02,28.08,52.29,7.84,17.86,41.26,25.24,17.22,26.62,43.49,13.36,16.04
2015-12-03,26.97,52.8201,7.69,18.715,40.88,25.71,16.93,27.18,42.53,13.45,15.95
2015-12-04,28.02,53.0,7.84,20.47,41.09,26.81,17.08,27.32,42.86,13.98,16.17
2015-12-07,27.12,51.1,7.23,19.76,40.295,25.98,16.68,27.11,41.56,13.26,15.45
2015-12-08,25.56,49.78,6.74,19.38,39.47,24.79,16.57,26.19,40.69,13.15,15.17
2015-12-09,26.22,50.0,6.99,19.61,40.01,25.22,16.59,25.38,39.83,13.23,15.36
2015-12-10,27.54,49.23,7.36,19.423,41.02,25.32,17.57,25.35,39.59,13.12,15.8
2015-12-11,26.55,47.97,6.92,19.13,39.99,24.9,17.21,25.14,38.82,13.31,15.23
2015-12-14,27.03,47.76,6.47,18.36,40.13,25.03,17.28,24.91,38.05,12.63,14.81
2015-12-15,27.39,48.69,6.53,18.39,40.17,25.44,16.94,24.89,38.85,12.54,14.7
2015-12-16,27.72,51.83,6.7,19.08,38.65,25.71,16.81,25.115,39.78,12.8517,14.88
2015-12-17,27.465,52.41,6.12,17.6,38.47,24.95,17.01,24.2,38.57,11.93,14.45
2015-12-18,27.69,51.19,6.2,17.71,38.86,24.87,16.93,23.9,38.25,12.34,14.44
2015-12-21,27.93,51.41,6.24,17.64,39.73,24.45,17.28,24.33,38.48,12.45,14.61
2015-12-22,28.71,54.32,6.42,17.8,41.12,24.88,17.89,24.86,38.6901,12.52,15.18
2015-12-23,30.57,56.3,7.4599,18.15,41.04,26.69,18.12,25.0,38.9,12.75,15.55
2015-12-24,30.39,55.93,7.56,18.54,41.09,26.93,18.16,25.0,39.75,12.93,15.7
2015-12-28,29.91,56.78,6.84,17.9001,40.64,26.27,17.98,25.17,38.62,12.45,15.17
2015-12-29,30.39,56.76,6.97,18.04,40.49,26.67,18.09,25.45,38.75,12.46,15.32
2015-12-30,29.88,56.33,6.761,17.77,40.33,26.35,17.96,26.04,38.22,12.3,15.08
2015-12-31,29.58,56.0,6.76,17.98,40.28,26.13,17.87,25.44,37.03,12.42,14.96
2016-01-04,29.1,55.52,6.5463,18.44,39.55,25.65,17.76,24.07,36.27,12.49,15.0
2016-01-05,27.78,54.67,6.71,18.41,39.98,25.94,17.81,23.86,36.36,12.21,15.01
2016-01-06,25.8,52.3,6.175,18.56,39.35,25.2,17.5,23.81,36.66,12.23,14.74
2016-01-07,24.819,49.96,5.6,18.87,37.34,24.57,17.18,23.08,35.06,13.0,14.22
2016-01-08,24.205,48.99,5.405,18.01,36.42,24.08,16.55,22.08,34.78,12.76,13.83
2016-01-11,24.0,48.05,4.305,17.01,36.13,23.39,16.26,21.99,34.97,11.77,13.02
2016-01-12,21.81,48.95,4.11,17.03,36.27,22.78,16.76,21.58,34.7,11.18,12.755
2016-01-13,21.36,47.71,3.73,17.47,35.61,22.66,16.41,20.93,34.43,11.22,12.47
2016-01-14,21.72,48.89,4.21,17.26,36.23,22.87,16.7,21.21,34.74,11.08,12.6
2016-01-15,20.73,47.9,4.35,17.68,35.16,22.71,15.94,21.58,34.85,11.14,12.21
2016-01-19,20.25,48.41,3.96,16.3,35.28,22.275,16.29,21.215,34.71,10.495,11.98
2016-01-20,20.231,48.0,4.06,16.58,34.98,22.66,15.88,21.43,34.72,10.52,12.105
2016-01-21,21.27,49.44,4.32,16.68,35.0,23.01,15.86,20.29,34.53,10.52,12.36
2016-01-22,20.625,51.29,3.93,16.67,35.37,23.63,16.2,20.71,35.38,10.59,12.37
2016-01-25,20.4,49.99,3.94,17.66,34.87,23.5,15.97,20.04,34.68,10.61,12.21
2016-01-26,21.42,51.89,4.19,18.5,36.55,25.0,16.92,20.32,35.9,11.22,12.87
2016-01-27,20.88,50.86,4.6589,19.43,35.71,24.74,16.69,20.15,35.85,11.245,12.795
2016-01-28,20.97,51.76,4.41,19.52,36.63,24.96,17.42,20.31,35.47,11.1,12.94
2016-01-29,21.87,52.63,4.59,19.98,39.07,25.91,18.35,21.23,37.17,11.75,13.91
2016-02-01,21.6,52.83,4.725,20.53,39.17,25.39,17.98,20.58,36.7,12.07,13.78
2016-02-02,20.91,51.89,4.35,20.06,38.4899,24.17,17.54,20.1,35.6,11.78,13.43
2016-02-03,22.68,53.55,4.84,22.36,39.92,25.41,18.63,20.02,35.53,12.82,14.26
2016-02-04,24.915,51.94,5.72,23.38,40.47,26.92,18.86,20.285,35.91,13.41,15.02
2016-02-05,24.36,51.56,5.67,24.42,39.91,26.5,18.15,19.75,34.92,14.12,14.98
2016-02-08,23.67,48.79,5.26,25.21,39.4,26.08,17.78,19.58,35.0,14.67,14.78
2016-02-09,23.43,49.89,5.0,24.2862,38.9,25.38,17.35,19.25,35.19,14.16,14.32
2016-02-10,22.59,50.09,4.98,24.305,38.97,25.1,17.69,18.77,34.11,14.13,14.24
2016-02-11,21.99,50.09,4.87,25.03,38.32,24.63,17.63,18.78,33.72,14.85,14.3
2016-02-12,23.04,51.36,5.52,25.7669,40.02,26.38,18.33,19.07,34.65,15.25,15.24
2016-02-16,24.33,52.3,6.37,24.55,40.18,26.4,18.57,19.27,34.66,14.72,15.33
2016-02-17,25.56,52.77,7.16,24.82,40.76,25.49,18.67,20.11,34.78,15.06,15.99
2016-02-18,24.348,54.54,7.14,25.07,40.03,24.24,17.88,25.16,33.39,15.82,15.885
2016-02-19,23.64,54.5,6.92,24.821,39.39,23.74,17.86,25.03,35.2,15.56,15.48
2016-02-22,26.76,54.83,7.92,25.13,39.74,24.95,18.36,24.13,34.27,15.62,16.16
2016-02-23,25.59,52.66,7.24,25.39,38.9,24.32,17.5,24.27,34.59,15.725,15.69
2016-02-24,26.25,53.29,7.19,25.595,39.02,24.35,17.75,24.53,35.21,15.805,15.79
2016-02-25,26.64,55.43,7.11,25.85,39.74,24.46,18.18,25.02,35.72,15.86,15.82
2016-02-26,26.58,56.57,7.42,25.35,39.96,24.63,18.12,24.96,35.56,15.409,15.995
2016-02-29,26.82,56.22,7.6275,25.84,39.3301,23.94,18.19,24.71,36.16,15.74,16.68
2016-03-01,27.3,58.66,7.76,25.39,40.97,24.74,19.31,25.31,37.2,15.17,16.99
2016-03-02,28.86,57.71,8.98,26.23,42.24,25.75,20.51,26.02,37.96,15.49,18.3
2016-03-03,28.41,57.25,9.11,26.82,42.75,26.14,20.11,25.485,38.59,16.11,18.75
2016-03-04,28.68,59.19,9.73,26.11,42.95,26.92,19.76,26.16,37.84,16.4701,18.98
2016-03-07,30.15,58.8,9.86,26.55,44.77,26.96,20.68,26.02,38.42,16.94,20.13
2016-03-08,28.02,58.49,8.655,25.89,44.31,25.94,20.32,25.55,37.48,16.41,18.63
2016-03-09,28.245,60.25,9.14,26.13,43.53,26.19,20.37,25.28,37.76,16.48,18.84
2016-03-10,28.789,59.37,9.59,27.36,45.0,26.29,21.19,25.06,36.83,17.19,19.48
2016-03-11,28.56,61.24,9.54,26.67,45.39,26.87,21.2,25.29,38.24,17.01,19.515
2016-03-14,28.995,60.01,9.97,26.12,45.13,26.89,21.31,25.64,37.33,16.79,19.61
2016-03-15,27.48,59.2,9.27,26.38,45.04,26.63,20.92,25.93,36.2,16.87,19.09
2016-03-16,29.25,61.63,10.23,27.57,45.54,27.7,21.68,25.77,36.15,17.81,20.075
2016-03-17,29.82,62.43,10.89,27.48,46.66,28.44,22.06,26.81,37.41,17.73,20.74
2016-03-18,30.06,61.39,10.77,27.8,46.7,28.33,21.885,26.61,38.27,17.79,20.925
2016-03-21,29.67,61.63,10.8,27.79,46.41,28.24,22.09,26.37,39.61,17.81,20.89
2016-03-22,29.58,62.17,10.99,27.39,46.61,28.41,22.17,27.24,39.54,17.89,20.9
2016-03-23,27.99,61.37,9.75,24.98,46.04,27.45,21.91,26.05,38.31,17.14,19.6
2016-03-24,28.68,61.9,10.11,25.42,46.5,27.97,22.43,26.61,38.39,17.22,20.15
2016-03-28,29.1,62.12,10.15,25.69,46.86,27.76,22.33,26.58,38.07,17.23,20.14
2016-03-29,29.16,62.98,10.15,26.94,47.25,28.27,22.58,27.8,39.35,17.78,20.66
2016-03-30,29.07,63.98,10.28,26.74,48.33,28.19,22.82,28.29,39.16,17.64,20.77
2016-03-31,28.77,63.9,10.33,26.57,47.3,27.7,22.52,28.57,38.93,16.59,20.46
2016-04-01,28.86,65.21,9.88,26.615,47.51,27.56,23.0,28.29,39.08,16.42,20.58
2016-04-04,28.2,65.33,9.42,26.28,46.66,26.79,22.46,26.91,37.47,15.735,20.01
2016-04-05,28.26,64.49,9.34,27.3,46.79,26.98,22.57,26.73,37.74,16.215,20.15
2016-04-06,28.53,66.04,9.61,27.74,47.23,26.86,22.82,26.71,38.25,16.3,20.24
2016-04-07,28.44,64.69,8.85,27.96,46.565,25.69,22.37,26.52,37.7299,16.36,19.875
2016-04-08,28.14,64.85,9.32,29.11,47.29,25.92,22.73,27.12,38.2699,16.51,20.56
2016-04-11,29.19,65.27,9.76,31.1,47.68,26.415,22.98,26.92,37.31,17.23,21.385
2016-04-12,28.44,65.3,10.42,30.62,48.08,27.27,23.3,26.76,38.3,17.8,21.87
2016-04-13,29.37,65.02,10.8199,29.48,49.09,27.8,23.67,27.34,40.1,17.5,22.3
2016-04-14,30.06,65.44,10.73,28.6975,49.31,27.66,23.75,27.33,40.42,16.81,22.16
2016-04-15,30.0,65.37,10.85,29.4,49.5,27.99,24.2,27.68,40.0699,17.06,22.49
2016-04-18,30.27,65.49,11.03,29.46,49.84,28.35,24.1,27.93,40.07,16.92,22.795
2016-04-19,31.56,65.35,12.01,30.9,50.45,29.1,24.55,27.97,40.7,18.48,23.75
2016-04-20,31.77,65.65,12.35,30.45,50.27,29.06,24.47,27.89,39.58,19.0596,23.41
2016-04-21,31.26,65.65,11.51,32.18,49.51,28.88,24.64,27.95,40.06,19.06,23.32
2016-04-22,31.17,66.21,11.66,31.22,49.565,29.19,24.6,28.01,41.15,18.39,23.16
2016-04-25,30.48,66.58,11.35,31.12,49.11,29.0,24.18,27.48,39.66,18.32,22.54
2016-04-26,31.98,67.71,11.48,31.96,49.52,29.87,24.54,27.65,40.66,18.7,23.03
2016-04-27,33.9,67.89,12.65,32.11,50.62,30.21,25.07,27.79,39.49,18.84,23.83
2016-04-28,33.435,66.38,12.64,32.99,49.94,29.83,24.65,27.52,39.48,19.87,24.23
2016-04-29,33.525,66.2,14.01,34.98,49.79,29.67,25.2,26.45,38.16,20.93,24.63
2016-05-02,32.88,67.89,13.56,34.33,50.32,29.53,25.31,26.94,39.19,20.23,24.605
2016-05-03,31.05,67.32,12.01,33.8399,48.725,28.92,24.65,25.12,38.5,19.47,23.36
2016-05-04,30.705,66.58,11.79,32.335,48.51,28.5,24.76,25.13,37.57,18.785,22.85
2016-05-05,30.03,67.1,11.28,32.87,48.45,28.24,24.85,25.23,37.87,18.98,22.54
2016-05-06,30.15,68.64,11.79,34.12,48.85,28.54,24.94,29.3,38.51,19.5,22.78
2016-05-09,28.38,67.28,10.5101,31.82,46.485,27.52,23.55,26.83,36.94,18.19,20.96
2016-05-10,29.01,67.85,10.85,33.05,47.91,27.73,24.1,27.61,38.01,18.41,21.69
2016-05-11,28.62,74.63,11.615,33.87,47.61,27.91,24.24,27.73,37.4,19.27,21.94
2016-05-12,28.32,75.83,11.04,33.23,47.44,27.795,23.89,27.9,37.56,18.92,21.44
2016-05-13,27.6,76.18,10.4,34.07,47.05,27.06,24.03,27.49,37.1601,19.21,21.4
2016-05-16,27.84,77.84,11.04,35.41,47.81,27.36,24.47,27.78,37.26,19.48,21.62
2016-05-17,27.915,76.17,11.51,35.56,46.57,27.6,23.84,27.7,36.26,20.2,21.84
2016-05-18,27.06,76.18,10.54,33.53,45.85,26.8,23.15,27.84,36.4,18.67,20.49
2016-05-19,27.336,75.76,10.98,34.14,46.53,26.96,23.7,27.69,35.76,19.08,20.755
2016-05-20,27.3,76.36,11.07,33.72,46.53,26.7,23.43,28.44,37.22,19.14,20.81
2016-05-23,27.87,76.39,11.39,33.84,46.83,26.745,23.98,28.4,37.14,19.07,21.18
2016-05-24,28.275,76.34,11.1,31.75,47.14,26.5,24.22,29.49,38.3,18.35,20.81
2016-05-25,28.785,78.85,11.65,32.37,48.39,26.87,24.6,29.7,38.71,18.78,21.66
2016-05-26,28.53,79.03,11.35,32.45,48.52,26.69,24.73,29.29,38.05,18.85,21.755
2016-05-27,28.05,80.1,11.14,31.95,48.38,26.62,24.65,29.74,38.61,18.21,21.31
2016-05-31,27.81,78.49,11.08,32.41,48.5,26.06,24.68,29.88,38.99,18.62,22.01
2016-06-01,27.885,79.69,10.6,32.65,48.78,26.05,24.67,30.12,39.47,18.58,22.0
2016-06-02,27.99,79.83,10.66,32.34,49.15,26.28,24.92,30.1,39.5,18.73,22.09
2016-06-03,28.56,80.07,11.1,35.41,49.88,26.4,25.28,30.82,39.13,20.4,23.13
2016-06-06,29.535,80.97,11.655,35.44,50.42,27.0,25.49,30.83,39.64,20.69,23.6
2016-06-07,29.37,81.27,11.23,34.95,50.37,26.55,25.53,30.96,39.52,20.79,23.45
2016-06-08,29.7,81.21,11.5889,35.39,51.76,26.85,26.68,30.93,40.23,21.11,24.42
2016-06-09,29.52,80.25,10.91,35.89,50.55,26.18,26.2,31.0,39.44,21.28,23.89
2016-06-10,28.5,79.82,10.37,35.8,50.49,25.97,25.88,30.9,38.45,21.21,23.45
2016-06-13,27.96,78.17,10.41,35.88,49.99,26.0,25.61,30.94,38.24,21.14,23.45
2016-06-14,27.3,78.41,10.21,35.14,49.51,25.57,25.25,30.69,37.82,20.32,22.86
2016-06-15,28.38,79.71,11.0,36.26,50.44,26.22,25.86,31.47,37.54,21.05,23.7
2016-06-16,28.2,79.98,10.78,35.61,50.65,26.09,25.94,31.29,37.84,20.77,23.46
2016-06-17,28.74,82.78,11.14,35.66,50.35,26.61,25.5,31.08,38.3,20.92,23.68
2016-06-20,29.28,83.01,11.55,35.33,51.3,27.24,26.24,31.82,38.5,21.2,24.26
2016-06-21,29.58,83.59,11.62,34.82,49.99,27.24,25.54,31.89,38.47,20.818,23.83
2016-06-22,29.67,83.32,11.496,35.73,49.56,27.21,25.21,31.78,38.28,20.84,23.665
2016-06-23,30.42,84.41,11.765,35.4,50.49,28.0,25.55,32.1,39.33,20.81,24.19
2016-06-24,28.14,78.97,10.5701,37.19,47.88,25.58,24.11,30.99,36.88,21.29,22.99
2016-06-27,27.36,75.36,10.13,37.67,46.32,25.515,23.2,30.07,36.22,22.0,22.3
2016-06-28,27.96,78.29,10.68,37.155,47.32,26.1,23.46,30.14,36.0,21.9,22.79
2016-06-29,27.3,79.12,10.7682,37.65,47.905,26.37,23.63,30.65,36.48,22.81,23.28
2016-06-30,27.84,79.79,11.15,39.11,49.4,26.98,24.5,31.57,37.285,23.53,24.38
2016-07-01,28.62,81.32,11.36,40.31,49.99,26.44,24.89,32.02,37.88,24.78,25.0485
2016-07-05,27.78,79.9,10.51,40.36,48.96,25.43,24.85,31.96,36.92,24.65,24.56
2016-07-06,27.6,80.85,10.88,41.4195,51.073,25.39,25.53,32.35,36.9801,25.6,25.16
2016-07-07,27.99,81.33,10.6617,40.96,51.52,25.31,25.84,32.29,37.18,24.88,25.11
2016-07-08,29.43,83.58,11.18,41.13,53.18,25.77,26.64,33.12,39.12,25.8,26.11
2016-07-11,30.42,83.62,11.65,41.05,54.46,26.06,26.92,35.02,39.5,26.37,26.76
2016-07-12,32.04,85.23,12.91,39.94,56.33,26.36,27.5,35.38,40.1,25.405,27.35
2016-07-13,32.115,85.54,12.95,40.88,56.41,26.75,27.45,35.82,40.6,26.16,27.58
2016-07-14,32.13,86.01,12.95,41.61,56.78,26.59,27.73,35.87,40.88,26.26,27.87
2016-07-15,32.73,86.33,13.1,41.33,56.66,26.43,27.85,35.76,41.24,26.02,28.04
2016-07-18,32.73,86.19,13.15,41.63,56.9,26.44,27.98,35.95,42.14,26.4,28.05
2016-07-19,31.92,85.91,12.45,41.41,55.71,26.09,26.85,35.46,42.22,26.36,27.1338
2016-07-20,31.8,86.61,12.29,39.28,54.07,26.13,26.46,35.28,42.29,25.45,26.62
2016-07-21,31.785,84.29,12.87,40.53,52.31,26.34,26.08,35.07,42.43,26.14,26.85
2016-07-22,31.71,85.01,12.67,41.29,52.71,26.26,26.37,35.4,42.27,26.15,27.0
2016-07-25,31.47,86.19,12.385,40.11,52.39,26.2,26.36,35.34,42.26,25.46,26.56
2016-07-26,32.01,85.53,12.68,41.13,53.72,26.545,27.13,35.67,42.61,25.81,28.0
2016-07-27,32.25,84.83,13.06,42.33,53.48,26.4401,26.74,35.69,43.49,26.94,28.49
2016-07-28,32.055,85.1,12.9399,42.67,53.82,26.04,26.77,34.27,38.52,27.09,28.77
2016-07-29,31.83,84.15,12.96,44.01,53.63,25.99,26.82,35.28,37.5201,27.87,29.04
2016-08-01,31.425,83.89,12.4799,44.18,53.27,25.41,26.42,36.62,37.0,28.58,28.8
2016-08-02,30.945,84.35,12.4,45.85,53.01,25.84,26.38,36.31,36.42,29.24,28.52
2016-08-03,31.2,83.95,12.38,44.99,53.49,26.65,26.58,36.89,36.91,29.03,28.76
2016-08-04,31.17,82.16,12.311,44.92,53.31,26.64,26.16,37.64,37.13,29.15,28.68
2016-08-05,31.5,82.33,12.23,44.42,53.545,26.22,26.43,38.58,37.34,28.81,28.78
2016-08-08,31.365,82.17,12.29,44.63,53.5,25.98,26.52,37.93,37.25,29.23,28.83
2016-08-09,31.08,81.99,12.09,45.0,52.79,25.96,26.145,38.24,37.24,29.76,28.33
2016-08-10,30.99,82.06,12.02,45.56,52.34,25.99,25.79,38.06,37.31,30.18,28.1
2016-08-11,31.245,82.57,12.1,45.41,52.34,26.04,25.66,38.29,38.05,30.56,28.06
2016-08-12,30.54,82.97,11.81,45.16,50.69,26.1,25.29,37.46,37.8,30.46,27.33
2016-08-15,31.56,84.09,12.18,44.92,51.58,26.21,25.89,37.74,38.51,30.77,28.11
2016-08-16,30.87,81.72,12.07,44.3,50.74,26.15,25.54,37.71,37.95,30.89,27.77
2016-08-17,31.08,80.53,11.98,44.0,50.54,26.24,25.39,37.16,37.56,30.31,27.58
2016-08-18,31.35,81.26,12.22,44.41,50.95,26.4,25.7,37.25,38.25,30.6,27.925
2016-08-19,30.81,82.76,11.97,44.15,50.06,26.01,24.78,36.93,38.24,29.25,27.07
2016-08-22,30.93,83.83,11.82,43.32,50.31,26.29,25.05,37.97,39.33,28.86,27.22
2016-08-23,31.5,84.17,11.98,43.16,50.04,26.32,25.31,38.48,39.79,28.5,27.195
2016-08-24,30.12,82.19,11.09,39.86,48.94,25.73,24.68,38.42,39.19,26.19,25.85
2016-08-25,30.225,82.54,11.08,40.17,48.89,26.01,24.51,38.9,39.44,26.71,26.24
2016-08-26,30.03,81.7901,10.89,39.94,48.7,26.14,24.63,38.26,39.55,26.56,26.07
2016-08-29,30.78,82.75,10.98,40.9,49.45,26.25,24.89,39.11,39.19,26.81,26.67
2016-08-30,30.51,81.72,10.55,38.6,48.64,25.99,24.71,39.3,38.99,25.59,25.81
2016-08-31,30.21,79.96,10.28,38.25,48.5,25.82,24.61,38.16,38.72,25.34,25.69
2016-09-01,30.39,81.28,10.34,39.42,49.3,25.88,24.71,38.65,38.82,26.2525,25.95
2016-09-02,30.36,81.97,10.48,40.52,49.04,26.11,24.33,38.43,39.0,27.4364,26.14
2016-09-06,30.96,83.02,10.715,41.98,49.6,26.395,24.97,38.31,38.98,28.875,27.09
2016-09-07,30.6,82.95,10.6,42.0825,49.965,25.95,24.97,38.49,39.0,29.24,26.98
2016-09-08,30.36,80.91,10.62,41.58,49.04,26.05,24.82,38.47,38.72,28.89,26.68
2016-09-09,28.818,76.82,10.285,39.31,46.85,25.28,24.0,35.85,36.71,27.33,25.13
2016-09-12,29.34,77.44,11.08,40.34,47.71,25.85,24.13,36.15,36.07,27.93,25.59
2016-09-13,28.53,76.07,10.141,39.03,46.02,25.2,23.36,35.43,35.09,26.72,24.37
2016-09-14,28.2,75.705,9.8,38.6,45.35,25.34,23.25,35.1,34.14,26.89,24.28
2016-09-15,28.44,77.25,9.78,39.19,45.62,25.41,23.65,35.55,36.01,26.98,24.58
2016-09-16,28.305,76.73,9.93,38.27,45.74,25.34,23.49,35.75,35.34,26.59,24.46
2016-09-19,28.08,77.65,10.0,38.44,45.99,25.5,24.29,36.04,35.24,26.9,24.95
2016-09-20,28.32,76.79,9.96,38.15,46.17,25.61,24.21,36.21,34.86,26.76,25.04
2016-09-21,29.01,80.21,10.56,41.02,47.85,26.17,24.85,37.2,35.49,28.87,26.31
2016-09-22,29.34,81.19,10.97,40.74,47.87,26.26,24.72,38.25,36.31,28.69,26.515
2016-09-23,29.31,80.76,10.64,39.58,48.82,25.97,24.84,37.6,35.81,27.81,26.31
2016-09-26,29.055,81.7,10.52,39.27,48.93,25.77,24.91,37.38,35.15,27.55,26.17
2016-09-27,28.95,82.76,10.21,38.47,49.07,25.72,25.4,37.85,35.64,27.24,25.945
2016-09-28,29.64,84.87,10.89,39.19,49.71,26.68,25.57,38.02,35.97,27.83,26.93
2016-09-29,29.85,83.13,10.7,39.05,48.855,26.43,25.11,37.23,36.025,27.65,26.46
2016-09-30,30.405,85.48,10.87,39.3,49.44,26.305,25.0,37.14,36.76,27.03,26.54
2016-10-03,30.39,84.82,10.69,38.09,48.8,26.37,24.54,37.03,37.12,26.26,26.23
2016-10-04,30.6,82.625,10.385,34.25,47.64,26.01,23.89,36.82,37.11,23.56,25.18
2016-10-05,31.2,83.45,10.675,34.6,48.04,26.63,24.33,37.31,37.37,23.24,25.58
2016-10-06,31.775,83.63,10.31,34.05,47.96,26.32,24.23,38.18,37.75,22.8,25.48
2016-10-07,31.36,82.37,10.135,33.98,47.37,26.21,24.2,37.49,36.31,22.58,25.41
2016-10-10,31.52,83.48,10.2,34.06,47.74,26.75,24.49,38.47,36.2,22.86,25.69
2016-10-11,27.915,81.72,9.87,33.855,47.4,26.17,24.13,37.33,35.2,22.58,24.95
2016-10-12,27.11,81.165,10.05,34.515,47.25,26.66,24.25,38.35,35.25,23.05,25.14
2016-10-13,26.74,80.445,9.645,34.815,46.54,26.26,23.72,37.45,34.7,23.115,24.67
2016-10-14,26.45,80.87,9.66,34.24,46.87,26.02,23.72,37.36,34.8,22.86,24.44
2016-10-17,26.35,81.25,9.53,35.04,46.8,26.44,23.88,37.34,35.6,23.15,24.87
2016-10-18,26.5,81.65,9.73,36.17,47.16,26.62,24.23,36.72,35.45,24.08,25.31
2016-10-19,27.04,82.6,10.02,36.975,48.03,27.4,25.24,36.62,35.75,24.36,25.87
2016-10-20,26.69,83.01,10.21,37.01,48.37,27.74,26.55,35.4,34.9,24.41,25.95
2016-10-21,26.885,82.19,10.03,36.355,47.86,27.4,26.35,35.4899,34.975,24.3359,25.79
2016-10-24,26.86,83.34,10.18,35.845,47.68,27.69,26.04,35.81,35.7,23.86,25.69
2016-10-25,27.29,82.1,10.545,36.59,47.0,28.04,26.19,35.33,34.75,24.29,25.71
2016-10-26,27.79,81.09,10.575,36.17,47.35,28.08,26.57,34.65,34.55,23.94,25.63
2016-10-27,28.22,82.05,10.695,34.79,46.74,28.18,26.86,35.96,34.15,23.43,24.93
2016-10-28,28.37,82.91,10.94,35.37,47.61,27.81,26.82,37.36,34.0,23.44,25.04
2016-10-31,28.725,83.56,11.19,37.055,48.85,28.39,27.46,38.9,34.15,24.11,25.47
2016-11-01,22.98,82.91,11.15,37.95,47.84,27.79,27.0,39.1,34.05,24.36,25.42
2016-11-02,22.925,82.26,10.61,37.18,48.16,26.81,26.66,39.15,34.15,23.995,24.94
2016-11-03,24.14,83.8,10.73,37.74,48.78,26.77,27.35,38.6,34.4,24.42,25.55
2016-11-04,25.21,83.48,11.05,37.8,49.95,27.34,27.55,38.6,34.4,23.8,26.03
2016-11-07,25.09,86.24,11.28,36.49,51.34,27.96,28.44,39.2,35.55,23.33,26.5
2016-11-08,26.41,82.74,12.1,36.06,51.37,28.78,28.51,40.6,36.3,23.55,26.82
2016-11-09,28.73,80.42,13.065,37.02,57.59,29.64,31.35,42.95,38.55,24.08,28.91
2016-11-10,29.1,81.53,13.8,34.69,59.14,33.72,32.38,43.35,41.0,20.01,28.88
2016-11-11,29.29,80.42,13.93,31.57,58.75,32.81,32.27,42.9,42.0,17.91,28.88
2016-11-14,29.644,77.07,13.925,32.591,59.59,33.125,33.15,42.95,42.075,18.375,29.95
2016-11-15,30.21,80.12,14.0,33.915,60.32,32.37,33.35,44.0,41.35,19.685,30.25
2016-11-16,31.43,81.55,13.8,33.76,59.85,31.82,33.35,44.5,41.2,19.81,29.8
2016-11-17,31.85,82.94,13.79,32.7,59.4468,31.68,33.38,44.85,41.1,19.18,29.58
2016-11-18,30.42,82.49,13.74,32.69,58.83,31.7,33.37,45.55,41.15,18.72,29.51
2016-11-21,30.69,83.86,14.51,33.07,59.65,31.99,33.96,45.8,41.35,18.82,30.085
2016-11-22,31.34,84.29,15.11,33.2,62.32,32.93,35.28,46.55,42.3,19.13,31.58
2016-11-23,31.52,83.88,16.2099,31.5,62.52,33.43,35.74,46.95,42.2,18.33,31.69
2016-11-25,31.7,83.99,15.99,31.9197,62.85,33.59,35.77,47.75,43.4,18.07,31.93
2016-11-28,30.85,83.96,15.78,33.45,61.96,33.1,35.48,47.0,42.65,18.82,31.68
2016-11-29,29.74,85.96,14.97,33.55,61.65,32.33,35.23,45.0,42.65,18.69,31.03
2016-11-30,28.98,87.8,15.34,32.46,62.2,32.84,35.49,45.0,42.6,18.23,31.12
2016-12-01,28.82,85.63,15.03,32.27,61.96,33.03,36.02,44.7,42.45,18.09,31.3
2016-12-02,29.02,84.86,15.42,33.57,63.03,33.095,36.68,45.3,41.9,18.69,32.04
2016-12-05,31.24,86.28,15.87,33.47,65.1,33.83,38.13,45.95,43.025,18.86,33.22
2016-12-06,31.14,86.32,15.884,33.02,65.5899,34.17,38.87,45.6,43.0,19.025,33.19
2016-12-07,30.87,88.8,15.42,33.63,66.76,34.43,39.03,45.2,44.1,19.11,33.6
2016-12-08,31.335,91.81,15.6,33.87,66.42,34.84,38.77,44.85,45.15,19.03,33.69
2016-12-09,32.0797,90.68,15.747,32.8,65.37,34.985,37.1,44.025,45.2,18.56,33.11
2016-12-12,31.25,91.33,15.365,32.6,64.11,34.54,36.98,43.6,46.0,18.815,32.58
2016-12-13,30.25,91.09,15.04,33.88,63.42,33.33,36.43,43.1,44.85,19.26,32.38
2016-12-14,30.45,89.94,14.65,31.69,63.05,33.18,36.87,42.8,43.65,18.68,32.07
2016-12-15,29.8,89.84,14.61,30.92,62.87,33.19,37.38,42.55,44.55,17.04,31.99
2016-12-16,29.38,89.23,13.87,31.62,60.68,32.4,36.69,42.9,45.05,17.37,31.29
2016-12-19,29.29,89.0,13.55,31.79,60.53,31.67,36.74,43.35,44.9,17.51,31.16
2016-12-20,30.14,89.34,14.16,31.67,62.11,32.42,37.6,43.85,44.6,17.48,31.76
2016-12-21,30.42,89.27,14.04,31.54,62.14,32.43,37.27,43.7,44.85,17.435,31.69
2016-12-22,29.75,88.43,13.8,31.43,61.63,32.02,36.91,43.0,44.2,17.34,31.09
2016-12-23,29.71,88.81,13.8,32.46,61.49,32.1,36.97,42.9,44.25,17.56,31.14
2016-12-27,29.64,89.02,13.77,32.6,61.88,32.29,37.06,43.15,44.65,17.95,31.43
2016-12-28,29.43,86.56,13.5648,32.79,60.93,32.25,36.4,42.775,43.95,18.49,31.17
2016-12-29,28.9,87.07,13.479,35.27,60.93,32.03,36.26,42.55,44.15,20.23,31.36
2016-12-30,28.08,86.12,13.19,34.08,59.55,31.95,35.59,41.65,43.4,19.33,30.41
2017-01-03,28.82,88.06,13.77,34.63,59.6,32.38,36.2,43.2,44.8,19.81,31.11
2017-01-04,30.24,90.71,14.82,34.955,61.25,33.48,37.79,44.05,45.5,19.935,32.2499
2017-01-05,30.64,90.39,14.62,36.575,60.92,33.5,37.99,43.45,44.35,20.92,32.605
2017-01-06,30.68,90.82,14.9,35.42,60.32,33.6,36.77,41.35,43.65,20.295,31.825
2017-01-09,29.48,90.48,14.68,35.39,59.65,33.3,36.09,41.5,42.25,20.27,31.37
2017-01-10,30.9901,89.88,15.55,35.09,61.28,34.17,37.13,43.45,43.15,20.41,32.51
2017-01-11,31.97,93.27,15.86,34.38,61.2,33.72,37.06,44.15,43.4,20.29,32.57
2017-01-12,33.03,93.73,15.27,34.46,60.6,34.85,35.74,42.95,42.95,20.1,32.135
2017-01-13,33.02,94.0,15.19,34.545,60.38,35.345,35.8,43.25,43.3,20.48,32.4
2017-01-17,32.64,94.36,15.05,35.13,60.13,35.15,35.62,41.85,41.95,20.76,32.31
2017-01-18,34.81,92.61,15.23,35.26,62.4,35.885,37.27,42.7,41.9,20.61,33.0
2017-01-19,35.415,93.04,15.25,34.94,60.15,35.86,35.79,42.1,41.2,20.84,32.54
2017-01-20,35.7,93.34,15.5,35.03,60.98,36.01,35.8,42.2,41.75,21.22,32.775
2017-01-23,36.28,93.7,15.71,35.895,60.07,36.72,35.5,42.8,41.75,21.88,33.09
2017-01-24,37.49,95.55,17.05,36.05,60.93,37.941,36.23,43.9,42.35,21.87,34.135
2017-01-25,36.52,94.0,16.51,34.97,59.707,38.65,33.86,44.6,43.4,21.72,33.65
2017-01-26,36.3,95.47,15.85,34.19,60.71,37.83,35.68,43.2,43.4,20.94,33.34
2017-01-27,36.67,95.42,16.36,34.3889,61.0,38.44,36.24,43.4,43.7,21.43,33.64
2017-01-30,36.55,94.56,16.24,34.97,60.07,38.35,35.16,43.1,42.2,21.23,33.26
2017-01-31,36.45,92.66,16.65,36.29,58.1,38.37,33.81,43.9,42.2,22.12,33.38
2017-02-01,36.235,93.3,16.85,35.87,56.9,38.61,33.46,43.05,42.3,22.12,33.155
2017-02-02,37.68,92.86,16.8,36.695,57.47,39.1,34.1,43.4,41.85,22.22,33.66
2017-02-03,36.85,94.23,15.82,36.76,57.34,38.44,33.87,41.25,43.0,22.21,33.58
2017-02-06,37.75,94.29,15.995,37.93,57.84,37.87,33.93,41.2,42.35,22.7,33.99
2017-02-07,37.96,92.81,15.51,37.3,57.64,37.95,33.65,41.0,42.15,22.68,33.7
2017-02-08,37.54,94.35,15.53,37.84,58.28,38.7,34.52,41.4,40.95,22.815,33.83
2017-02-09,37.41,93.91,15.38,37.205,60.96,37.42,36.49,42.55,41.9,22.02,34.15
2017-02-10,38.2957,93.71,15.8,37.65,60.99,37.97,36.57,43.45,42.05,22.29,34.34
2017-02-13,38.47,94.74,15.95,37.39,63.58,38.64,37.72,42.9,42.7,22.18,34.86
2017-02-14,38.56,91.17,15.9,37.08,63.09,38.62,37.82,42.85,43.55,22.24,34.77
2017-02-15,37.86,92.73,15.36,37.04,63.87,38.29,37.53,43.8,43.6,22.19,34.61
2017-02-16,36.46,92.42,15.07,37.555,63.59,37.97,37.38,44.3,43.75,21.8,34.56
2017-02-17,36.21,91.94,14.905,36.99,63.9,37.3,37.16,40.25,47.8,21.52,34.24
2017-02-21,36.71,93.76,14.12,37.43,64.48,38.0101,37.58,41.3,49.35,21.35,34.52
2017-02-22,36.61,92.44,13.73,36.0,63.25,37.44,37.37,41.8,49.55,21.33,33.9
2017-02-23,34.32,92.41,13.47,35.87,60.89,36.83,35.52,40.8,47.5,21.52,32.55
2017-02-24,34.49,92.9,13.26,36.08,60.82,36.29,35.58,41.3,47.9,21.15,32.34
2017-02-27,34.78,92.45,13.26,33.98,62.66,36.83,36.7,42.45,48.45,19.65,32.39
2017-02-28,34.6,101.52,13.39,34.245,62.58,36.67,36.6,41.5,47.5,19.545,32.35
2017-03-01,37.98,102.71,13.98,34.41,64.0,37.94,37.65,42.4,49.0,19.75,33.3411
2017-03-02,35.86,103.07,13.3,33.6,62.61,36.86,36.18,40.75,47.75,19.23,31.721
2017-03-03,36.37,104.79,13.2,34.09,62.6,37.23,36.145,40.85,47.9,19.45,31.92
2017-03-06,36.94,102.1,12.89,33.005,62.82,36.81,35.66,40.3,47.45,19.27,31.35
2017-03-07,35.81,103.78,12.68,32.97,60.93,36.45,34.08,39.45,46.75,19.11,30.54
2017-03-08,36.01,102.74,12.435,32.9,60.98,36.07,34.5,38.8,46.3,18.915,30.25
2017-03-09,35.37,102.5,12.41,32.61,60.55,35.13,34.05,38.75,45.95,18.77,29.8
2017-03-10,34.535,103.0,12.375,32.95,60.609,35.4,33.965,39.25,46.15,19.29,29.94
2017-03-13,34.7,104.5,12.57,33.035,60.7199,35.635,34.4,40.25,46.0,19.44,30.3
2017-03-14,34.2,103.97,12.27,32.38,60.74,35.08,34.65,40.35,45.7,18.99,29.91
2017-03-15,35.14,105.22,12.89,34.115,63.46,36.05,35.64,41.5,46.6,20.14,31.36
2017-03-16,35.39,103.99,12.81,32.81,64.6,36.0,35.42,41.7,46.65,20.07,31.13
2017-03-17,34.965,106.2,12.75,32.81,64.67,36.13,36.34,42.4,47.8,19.9,30.85
2017-03-20,34.895,106.06,12.74,33.52,64.5,36.405,36.41,41.825,47.05,19.98,30.92
2017-03-21,33.22,104.25,12.57,34.025,61.32,35.88,33.94,41.0,45.0,19.92,29.86
2017-03-22,33.69,105.21,12.86,33.84,62.14,36.5,34.8,39.8,44.95,21.41,30.19
2017-03-23,33.3,105.15,12.84,33.6,61.26,36.41,34.51,40.25,45.25,20.61,30.05
2017-03-24,32.57,104.49,12.8,33.485,59.77,36.55,33.89,40.1,44.75,20.54,29.62
2017-03-27,32.46,104.61,12.22,33.9,59.51,35.79,33.73,40.0,45.05,21.04,29.74
2017-03-28,32.93,104.88,12.57,32.99,60.21,36.02,34.68,40.4,45.5,20.715,30.13
2017-03-29,32.9,105.06,12.72,33.2,59.78,36.15,34.34,40.2,45.25,20.5,30.16
2017-03-30,33.49,105.14,13.305,32.92,60.07,36.2,34.55,41.1,45.5,20.32,30.2
2017-03-31,34.4,105.65,13.36,32.96,59.72,35.89,34.76,41.2,46.0,20.85,30.4
2017-04-03,34.22,105.01,13.245,33.89,60.22,36.03,35.02,39.55,44.6,21.155,30.55
2017-04-04,34.21,105.49,13.53,34.185,60.48,36.12,35.295,39.6,44.15,21.3,30.94
2017-04-05,33.841,105.2,13.45,34.32,59.71,36.14,34.09,39.15,43.8,21.24,30.31
2017-04-06,33.65,106.05,13.55,34.2,60.12,36.355,34.49,39.55,44.1,21.295,30.585
2017-04-07,33.721,105.9,13.37,34.31,60.76,36.22,35.25,39.65,44.7,20.94,30.86
2017-04-10,33.66,104.86,13.52,34.6,60.07,36.19,34.75,39.95,45.1,21.085,30.75
2017-04-11,34.385,105.61,13.615,35.13,60.5,36.48,35.18,40.4,45.45,21.76,31.36
2017-04-12,32.04,104.12,12.87,35.07,57.85,35.33,33.84,39.15,43.6,21.87,30.12
2017-04-13,31.0,103.61,12.71,34.5,56.96,34.97,32.91,37.3,42.7,21.84,29.6
2017-04-17,31.28,104.62,12.76,34.5745,57.22,35.435,32.74,36.75,42.4,22.01,29.53
2017-04-18,31.75,105.77,12.48,34.31,57.33,34.98,32.675,37.0,42.4,21.89,29.495
2017-04-19,31.3,105.83,12.355,33.56,57.62,34.91,32.7,37.2,42.1,21.19,28.98
2017-04-20,32.04,105.52,12.51,33.66,60.35,35.39,34.91,38.15,42.7,21.24,29.87
2017-04-21,31.7,105.08,12.225,34.125,59.99,35.28,35.36,38.3,42.45,21.08,29.78
2017-04-24,33.33,106.81,12.21,33.67,61.2,35.52,36.61,38.65,44.85,20.97,30.31
2017-04-25,36.49,108.08,13.09,32.81,60.95,35.69,36.33,39.1,45.2,20.14,30.53
2017-04-26,36.45,108.28,13.5,32.97,62.02,36.06,36.57,39.15,46.05,20.35,30.53
2017-04-27,34.52,108.18,13.02,32.92,61.61,35.395,36.27,39.5,45.75,19.9005,29.89
2017-04-28,33.73,108.9,12.74,33.8,61.32,35.375,36.12,39.2,44.15,19.96,29.81
2017-05-01,33.29,109.41,12.535,32.68,61.71,35.26,36.805,39.15,44.35,19.575,29.61
2017-05-02,33.32,108.36,12.715,33.01,61.7,35.281,36.96,38.875,44.6,19.75,29.7
2017-05-03,31.695,107.62,12.015,32.68,60.28,33.88,35.69,38.85,44.45,19.45,28.78
2017-05-04,31.04,108.69,11.69,32.285,61.09,33.01,35.86,39.05,43.95,18.94,28.28
2017-05-05,31.82,110.01,11.8,32.74,60.48,33.68,35.82,34.45,43.9,19.4801,28.77
2017-05-08,31.03,109.54,11.66,32.675,59.86,33.71,35.68,33.15,43.55,19.565,28.73
2017-05-09,30.83,109.32,11.64,32.75,58.79,33.81,35.04,32.3,42.85,19.26,28.489
2017-05-10,31.09,110.59,11.72,32.96,58.19,34.175,34.53,31.65,43.3,19.55,28.7
2017-05-11,31.17,110.75,11.68,33.46,57.53,34.93,34.115,31.55,43.1,20.0,28.71
2017-05-12,31.8,110.38,11.5,33.72,57.305,34.61,34.15,32.0,41.95,20.64,28.8
2017-05-15,32.02,112.05,11.75,33.87,57.61,34.685,34.54,32.1,42.05,20.9,29.13
2017-05-16,32.15,112.37,11.76,33.74,57.79,34.59,35.085,32.1,42.0,21.48,29.29
2017-05-17,31.63,110.55,11.42,34.27,56.12,33.64,33.89,31.1,41.25,21.385,28.8
2017-05-18,31.92,110.02,11.29,33.28,55.88,33.65,33.855,30.9,40.35,20.98,28.56
2017-05-19,32.29,110.32,11.73,33.62,56.66,34.58,34.21,31.4,40.95,20.98,29.09
2017-05-22,32.95,110.55,11.83,33.67,56.78,35.11,33.96,31.85,41.45,21.35,29.24
2017-05-23,33.25,111.72,11.89,33.05,58.65,35.0,35.27,32.4,41.65,20.48,29.73
2017-05-24,33.5,112.04,11.9,33.66,58.65,34.805,34.99,32.4,40.8,20.77,29.73
2017-05-25,33.1,112.6,11.7,33.44,58.38,34.9,34.45,32.05,40.9,20.6,29.46
2017-05-26,33.25,112.87,11.67,34.1,58.14,34.88,33.71,31.6,41.15,20.91,29.389
2017-05-30,32.97,112.42,11.67,33.98,58.33,35.115,34.28,31.275,40.95,20.81,29.25
2017-05-31,32.935,113.6,11.485,34.15,58.1,34.965,34.0,31.1,41.45,20.5,28.91
2017-06-01,32.93,113.35,11.46,34.03,59.07,34.71,34.32,31.85,42.75,20.31,29.14
2017-06-02,32.85,114.03,11.29,34.02,58.68,34.515,34.36,32.7,43.4,20.38,28.88
2017-06-05,33.31,113.6,11.42,33.85,58.97,34.695,34.48,32.75,42.45,20.03,29.23
2017-06-06,32.94,112.68,11.84,35.38,57.79,34.995,34.19,33.25,42.2,20.84,29.43
2017-06-07,32.8,112.8,11.73,35.52,57.22,35.04,33.94,33.4,42.35,20.695,29.24
2017-06-08,33.5,114.24,12.07,35.02,59.13,36.0,35.71,34.4,42.25,20.59,30.2
2017-06-09,33.0,115.37,12.35,34.29,59.78,36.27,36.03,35.05,43.7,20.08,30.08
2017-06-12,31.79,111.19,12.34,34.37,59.89,35.875,35.93,34.4,43.2,19.89,30.16
2017-06-13,32.46,112.65,12.35,34.47,60.48,36.16,35.68,34.55,43.2,19.95,30.32
2017-06-14,31.53,109.27,12.085,33.71,59.09,35.345,34.63,34.5,42.9,19.33,29.43
2017-06-15,30.74,106.05,11.495,33.05,54.62,34.35,32.84,34.5,43.25,19.06,28.37
2017-06-16,29.99,108.08,11.415,32.83,54.92,34.45,33.18,34.8,43.25,19.11,28.13
2017-06-19,30.87,108.33,11.59,32.865,55.77,34.72,32.85,35.15,43.175,19.19,28.41
2017-06-20,30.44,107.71,11.245,32.85,56.1357,33.67,32.91,35.0,42.25,19.085,28.04
2017-06-21,29.69,106.19,11.22,33.16,55.97,34.01,33.25,34.75,41.7,19.599,28.02
2017-06-22,29.78,105.21,11.45,33.49,56.715,34.39,33.51,34.55,41.95,19.91,28.51
2017-06-23,31.11,104.81,11.75,33.81,57.51,34.89,33.43,34.475,42.85,20.22,29.19
2017-06-26,31.2,105.03,11.83,33.78,57.41,35.02,33.49,34.7,43.05,20.15,29.225
2017-06-27,31.63,104.43,11.725,33.07,56.87,34.36,33.2,34.35,43.05,20.16,29.06
2017-06-28,32.94,106.92,11.99,33.03,58.18,34.57,34.95,34.85,43.5,20.38,30.01
2017-06-29,33.19,104.69,12.085,32.21,58.19,34.77,35.38,35.1,42.5,19.81,29.97
2017-06-30,32.65,105.54,12.0,32.41,57.87,34.62,35.81,35.6,42.7,19.89,29.96
2017-07-03,34.03,106.05,12.18,31.82,58.85,35.08,36.31,35.9,43.225,19.35,30.19
2017-07-05,33.76,108.02,12.16,32.69,59.16,35.255,36.49,35.8,42.95,19.45,30.09
2017-07-06,33.89,108.06,11.895,32.3,59.21,34.74,36.87,35.725,43.0,19.31,29.8
2017-07-07,34.19,109.99,11.905,32.06,58.21,34.995,35.92,35.15,43.0,19.06,29.55
2017-07-10,34.14,111.37,12.525,32.52,58.71,35.8,36.34,34.4,42.25,19.41,30.06
2017-07-11,35.01,112.95,12.585,32.94,58.62,36.0,36.01,34.2,41.95,19.52,30.63
2017-07-12,34.55,116.56,12.28,33.16,58.96,36.41,35.97,33.25,42.275,19.46,30.6
2017-07-13,36.01,117.69,12.49,32.93,60.49,36.57,36.8,33.3,42.175,19.16,30.95
2017-07-14,36.33,117.53,12.6,33.29,59.73,37.11,36.55,33.4,42.45,19.421,30.99
2017-07-17,36.39,116.86,13.01,33.74,60.12,37.91,36.7,34.0,42.75,19.57,31.38
2017-07-18,36.43,117.73,13.01,33.72,59.38,37.81,36.51,32.5,43.25,19.51,31.21
2017-07-19,36.49,119.16,13.12,33.86,60.63,37.965,37.49,32.9,43.225,19.545,31.69
2017-07-20,36.71,117.92,13.05,33.93,59.929,37.73,37.69,32.85,43.1,19.99,31.73
2017-07-21,36.63,118.34,13.015,34.36,60.22,37.825,37.51,31.5,43.25,20.0,31.46
2017-07-24,36.68,118.68,12.9522,33.91,60.55,38.14,37.52,30.9,43.25,19.64,31.38
2017-07-25,37.3,118.82,14.87,36.23,60.93,39.37,38.1,31.6,43.9,19.64,32.48
2017-07-26,36.62,117.2,15.06,36.96,58.09,39.73,36.34,30.55,43.9,20.26,32.26
2017-07-27,36.37,116.34,14.49,36.46,58.65,39.33,36.51,29.5,44.25,20.19,31.7
2017-07-28,35.63,116.52,14.595,37.09,57.45,39.46,35.13,29.9,44.675,20.51,31.12
2017-07-31,36.41,115.83,14.61,37.18,57.68,39.33,35.41,29.9,44.55,20.29,31.44
2017-08-01,36.37,117.43,14.485,36.95,57.13,39.51,34.865,30.2,44.5,20.145,30.98
2017-08-02,37.28,119.45,14.38,36.88,56.87,39.39,34.81,29.15,41.9,20.0,30.875
2017-08-03,37.1,118.78,14.37,36.59,57.11,39.44,34.9,29.55,40.35,19.92,30.42
2017-08-04,37.42,119.49,14.41,36.14,57.45,38.7,35.27,29.85,40.75,19.56,30.57
2017-08-07,37.99,123.12,14.69,36.15,57.86,38.85,35.84,29.75,40.275,19.51,30.77
2017-08-08,39.5408,115.41,14.46,35.74,57.56,39.28,36.02,29.8,40.2,19.6,30.65
2017-08-09,38.62,113.16,14.58,36.101,57.14,39.27,35.5,29.125,40.65,19.87,30.53
2017-08-10,37.78,110.93,14.155,36.45,56.54,38.57,35.47,28.55,39.35,20.01,30.31
2017-08-11,37.78,109.36,13.945,36.53,55.3729,38.38,34.53,28.75,39.05,19.05,30.08
2017-08-14,37.19,110.75,14.145,36.03,55.72,39.16,35.42,29.2,38.75,18.945,30.02
2017-08-15,37.51,111.88,13.965,35.78,55.57,38.61,35.52,28.2,38.65,18.33,29.83
2017-08-16,39.24,113.38,14.76,36.13,56.72,39.91,36.11,27.75,38.9,18.95,30.6
2017-08-17,37.79,112.1,14.2,36.04,54.37,39.02,34.55,27.0,38.3,18.905,29.83
2017-08-18,37.75,112.6,14.1484,35.8,54.11,39.135,34.28,26.95,38.2,18.91,29.925
2017-08-21,38.47,113.505,14.72,36.6,53.72,40.05,33.71,26.85,37.725,19.22,30.2
2017-08-22,39.75,115.82,15.07,36.515,54.65,40.82,33.94,27.35,39.05,18.91,30.79
2017-08-23,41.06,115.43,15.3,36.98,54.92,40.695,34.43,27.75,38.8,19.06,31.28
2017-08-24,41.34,114.86,15.48,36.84,54.6,41.105,34.12,27.85,39.825,19.235,31.285
2017-08-25,41.21,114.97,15.28,37.01,54.74,40.71,34.66,28.15,40.6,19.5601,31.33
2017-08-28,42.16,115.41,15.52,38.29,54.57,41.765,34.48,28.325,40.4,20.27,31.84
2017-08-29,43.01,114.42,15.2243,38.04,54.93,41.43,34.49,28.7,41.0,20.65,32.15
2017-08-30,43.05,115.15,14.57,38.05,55.68,40.265,34.82,29.25,41.525,20.53,32.22
2017-08-31,43.88,116.25,14.77,38.31,55.12,40.69,34.45,29.3,42.95,20.7703,32.41
2017-09-01,45.05,118.64,15.07,38.65,55.49,41.3,34.77,29.3,43.0,20.95,32.94
2017-09-05,44.43,116.64,14.78,38.735,54.8,40.71,34.19,28.375,41.9,20.93,32.68
2017-09-06,44.42,118.65,15.06,38.37,55.31,41.24,34.16,28.9,41.45,20.63,32.75
2017-09-07,44.73,118.08,15.21,39.6,54.25,41.05,33.98,28.35,41.1,21.005,32.88
2017-09-08,42.61,118.28,14.23,39.32,54.55,39.59,34.21,28.675,41.35,20.76,32.25
2017-09-11,43.61,123.85,14.39,38.21,53.97,40.13,33.41,28.75,42.125,20.515,32.13
2017-09-12,45.0,124.64,14.305,38.35,53.49,40.0,33.251,28.5,42.4,20.67,32.42
2017-09-13,44.91,125.64,13.93,37.89,53.61,39.32,33.86,29.175,42.5,19.95,32.2
2017-09-14,44.785,126.04,13.865,38.08,53.97,39.22,33.4,28.45,42.95,19.84,31.91
2017-09-15,44.66,127.29,13.88,37.84,53.5,39.35,33.34,29.0,44.25,19.58,31.91
2017-09-18,44.91,131.02,14.125,37.81,54.27,39.91,33.795,29.0,45.3,19.29,32.18
2017-09-19,46.185,134.65,14.49,38.1,55.115,40.55,33.82,28.75,45.45,19.4,32.33
2017-09-20,47.4864,136.08,14.17,37.62,55.98,39.75,34.07,29.2,43.4,19.07,32.54
2017-09-21,46.25,134.9,13.98,37.44,54.52,39.62,33.32,29.25,43.25,19.07,31.92
2017-09-22,45.39,134.28,14.06,37.88,54.55,39.11,33.22,29.6,43.1,19.22,31.62
2017-09-25,45.28,128.89,13.89,38.63,54.29,39.03,33.15,29.9,43.8,19.27,31.88
2017-09-26,44.77,128.43,14.0,37.99,54.1,38.69,33.23,30.2,43.2,19.12,31.71
2017-09-27,45.07,130.02,14.0,37.19,55.62,38.93,34.11,30.8,44.4,19.14,32.06
2017-09-28,46.08,132.31,14.42,37.61,55.5,39.62,34.58,30.95,44.65,19.25,32.06
2017-09-29,46.63,136.28,14.035,37.5,56.04,39.765,34.47,31.15,44.75,19.09,32.17
2017-10-02,47.65,136.6,14.33,37.91,56.05,39.76,34.82,31.35,46.0,19.35,32.76
2017-10-03,48.3,137.439,14.65,38.229,55.97,40.825,34.87,31.8,45.8,19.44,32.87
2017-10-04,47.91,138.22,14.53,38.07,56.11,41.11,35.64,31.25,45.7,19.69,32.83
2017-10-05,48.25,139.66,14.75,37.96,56.67,41.84,35.91,31.3,45.875,19.77,32.88
2017-10-06,47.5,137.17,14.325,38.05,56.14,41.64,36.19,31.35,45.85,19.91,32.57
2017-10-09,47.05,136.54,14.33,38.29,55.4,40.95,35.52,31.55,45.825,20.025,32.255
2017-10-10,46.89,137.78,14.41,37.89,55.37,41.57,35.63,31.9,46.0,20.075,32.09
2017-10-11,46.94,137.43,14.425,38.08,57.35,41.73,35.99,32.1,45.65,20.12,32.32
2017-10-12,47.52,137.29,14.52,38.37,57.43,42.46,36.24,32.3,45.7,20.24,32.45
2017-10-13,47.7,138.94,14.75,38.5901,58.33,43.15,36.92,32.5,45.95,20.34,32.86
2017-10-16,48.2354,140.18,15.27,38.03,57.2,43.7,36.17,32.575,46.55,20.01,32.64
2017-10-17,47.75,139.41,14.925,38.36,57.11,43.49,36.19,32.1,46.1,19.9,32.58
2017-10-18,47.74,139.66,14.83,37.86,57.28,43.43,36.44,32.75,46.1,20.0,32.75
2017-10-19,46.53,139.47,14.82,37.85,58.63,43.28,37.79,32.7,46.3,20.66,32.9
2017-10-20,47.94,140.75,14.825,37.79,60.0,43.13,38.91,32.55,46.0,20.92,33.16
2017-10-23,47.92,138.54,14.81,37.37,59.48,43.41,38.83,32.9,45.275,20.97,32.9
2017-10-24,50.08,138.71,15.23,37.12,59.79,44.36,39.56,32.975,45.8,20.6,33.42
2017-10-25,49.52,138.5,14.71,36.75,58.995,43.655,38.73,32.55,44.4,20.62,33.05
2017-10-26,49.17,139.04,14.685,35.92,59.72,43.23,38.889,32.65,44.825,20.38,32.64
2017-10-27,47.915,139.09,14.13,35.82,59.49,42.48,38.65,32.55,44.7,20.7,32.45
2017-10-30,47.41,139.5,13.95,36.22,58.48,42.78,37.74,31.825,44.05,21.2,32.01
2017-10-31,47.77,140.8,13.98,36.16,57.84,42.94,37.21,33.2,45.1,20.74,31.65
2017-11-01,47.71,142.33,14.385,35.69,58.79,42.98,37.98,32.55,45.25,20.74,31.925
2017-11-02,47.46,136.88,14.23,36.49,58.48,42.94,37.499,32.65,46.5,20.67,31.97
2017-11-03,47.12,140.03,14.14,36.04,57.99,42.88,37.49,33.025,45.55,20.47,31.71
2017-11-06,47.29,141.96,14.6358,36.39,57.98,44.45,37.61,33.25,45.35,21.01,32.0
2017-11-07,46.95,143.13,14.54,36.05,57.69,44.03,37.39,32.5,44.3,21.17,31.8
2017-11-08,45.8892,144.53,14.87,36.33,57.75,44.39,37.79,32.15,44.45,21.16,31.66
2017-11-09,43.32,140.72,14.715,35.88,56.53,44.09,37.19,31.1,45.45,20.91,31.08
2017-11-10,43.02,140.61,14.41,35.52,55.83,43.91,37.21,30.5,44.9,20.14,30.79
2017-11-13,43.13,143.37,14.43,35.73,55.71,43.92,37.34,30.5,45.3,20.22,30.93
2017-11-14,41.87,137.59,13.8,36.29,54.84,42.9,36.55,30.725,45.125,20.51,30.31
2017-11-15,42.21,134.54,13.63,36.09,54.94,42.39,37.03,30.8,44.2,20.59,30.45
2017-11-16,42.3,135.33,13.615,36.09,54.79,42.46,36.96,31.725,43.825,20.56,30.6
2017-11-17,43.41,136.18,13.86,36.2,54.81,42.96,36.85,31.65,44.325,20.92,30.92
2017-11-20,42.2,135.4,13.95,36.33,55.56,43.125,37.34,31.8,44.6,20.46,30.96
2017-11-21,41.4,136.72,14.15,36.36,55.99,43.72,37.51,32.45,45.1,20.95,31.26
2017-11-22,42.64,135.25,14.24,36.7,56.15,43.81,37.72,32.35,45.25,21.33,31.53
2017-11-24,42.21,137.08,14.345,36.68,55.94,44.12,37.49,32.4,45.05,21.21,31.6
2017-11-27,42.03,136.23,14.1,37.09,55.86,43.15,37.35,31.7,45.5,21.21,31.34
2017-11-28,43.3,136.89,14.21,37.13,56.29,43.06,37.13,32.675,46.35,21.04,31.64
2017-11-29,41.24,131.92,14.0,36.6,57.35,42.51,37.86,32.725,46.65,20.64,31.53
2017-11-30,41.5,134.33,13.92,36.99,57.5,42.06,38.5,32.9,46.6,20.9,31.95
2017-12-01,41.64,132.14,14.12,37.18,57.29,42.77,38.32,33.0,46.55,20.97,32.12
2017-12-04,41.79,129.31,14.29,36.85,58.81,43.12,39.79,32.0,46.975,20.97,32.34
2017-12-05,41.18,127.99,14.115,36.21,57.64,42.42,38.73,31.05,46.6,20.96,31.74
2017-12-06,41.31,127.49,14.35,35.85,57.95,42.19,39.22,31.2,48.525,20.89,31.82
2017-12-07,40.5949,129.1,14.85,35.93,58.6,42.26,39.76,31.3,48.3,20.91,32.23
2017-12-08,41.39,130.58,14.98,35.42,60.15,41.99,40.7,31.45,47.4,20.99,32.72
2017-12-11,42.24,131.13,15.03,34.665,61.27,42.33,40.7,30.75,47.65,21.255,33.18
2017-12-12,42.4,130.37,15.715,34.58,61.95,42.29,40.64,30.35,47.2,20.87,33.22
2017-12-13,41.86,130.12,16.34,35.76,61.86,43.23,41.18,30.05,47.85,21.605,33.53
2017-12-14,42.35,127.61,16.185,35.91,59.54,42.9,39.84,29.9,47.0,21.49,33.05
2017-12-15,42.61,129.57,16.99,35.86,60.1,43.33,39.85,30.75,48.05,21.55,33.16
2017-12-18,44.56,132.05,17.36,36.66,62.02,44.59,40.88,31.675,48.55,21.77,33.93
2017-12-19,46.52,132.0,17.33,36.3549,62.43,45.02,41.4,31.55,47.65,21.81,34.31
2017-12-20,49.25,131.31,17.66,36.62,63.85,46.13,43.32,31.8,47.75,22.09,34.91
2017-12-21,49.0,128.65,18.19,36.75,64.52,46.46,43.46,32.4,48.0,22.01,35.29
2017-12-22,49.99,129.3,18.105,36.91,64.57,46.22,43.26,32.1,48.7,22.03,35.54
2017-12-26,50.37,129.04,18.66,37.56,64.73,46.56,43.68,32.3,48.75,22.17,36.18
2017-12-27,51.84,128.43,18.68,37.59,64.61,47.06,43.19,32.825,48.9,22.15,35.84
2017-12-28,54.14,128.47,19.26,37.49,64.33,47.635,43.84,33.05,49.2,22.13,36.41
2017-12-29,53.875,127.91,18.97,37.53,63.59,47.46,43.14,33.0,48.6,22.12,36.14
2018-01-02,55.16,131.51,19.775,38.15,66.525,48.88,44.87,33.75,49.45,22.29,37.72
2018-01-03,54.51,131.73,19.465,37.83,67.41,49.0,45.58,33.725,48.7,22.14,37.45
2018-01-04,54.7,130.19,19.74,38.255,67.22,48.75,45.96,33.3,48.5,22.25,37.71
2018-01-05,54.05,131.7,19.89,38.39,67.85,49.13,45.6,33.55,48.3,21.95,37.62
2018-01-08,55.0,137.43,19.81,38.37,68.26,49.37,45.97,33.75,48.9,21.63,37.93
2018-01-09,54.2,135.48,18.93,38.11,67.81,48.99,45.11,35.0,49.05,21.05,37.32
2018-01-10,56.19,132.96,19.51,38.33,68.94,49.46,46.05,34.45,48.95,21.04,38.07
2018-01-11,56.9,134.68,19.88,38.83,70.16,50.09,47.13,35.8,50.6,21.13,39.16
2018-01-12,56.74,133.46,19.74,39.78,69.01,49.93,47.01,36.5,50.95,21.9,38.99
2018-01-16,56.23,128.0,19.33,40.0,68.98,49.35,46.47,36.45,51.0,22.22,38.25
2018-01-17,56.99,126.96,19.76,39.45,69.26,49.85,46.76,37.2,51.475,21.985,38.94
2018-01-18,53.01,117.9158,19.42,39.2325,68.83,49.53,46.28,36.6,51.4,21.94,38.32
2018-01-19,53.11,116.01,19.96,39.48,68.72,50.33,46.41,37.45,52.2,22.01,38.61
2018-01-22,52.95,113.53,20.0,39.66,69.01,50.09,46.57,38.35,52.55,21.71,38.8805
2018-01-23,52.5,113.0,19.56,40.3,68.99,49.14,46.36,38.2,51.5,22.04,38.83
2018-01-24,53.3,112.4,19.6,41.57,69.03,50.0,46.96,38.1,51.0,22.31,39.07
2018-01-25,53.12,116.905,19.83,40.77,68.26,50.06,46.34,38.1,50.35,21.995,38.62
2018-01-26,53.99,114.39,19.54,41.06,69.53,50.6251,47.5,37.925,50.85,22.17,38.97
2018-01-29,54.5,111.6799,19.64,40.09,69.01,49.74,47.32,37.45,50.45,21.54,38.41
2018-01-30,52.52,111.37,19.13,40.1,66.83,48.01,46.78,37.35,50.525,21.46,37.25
2018-01-31,52.02,111.58,19.5,40.53,66.97,48.575,45.41,37.05,50.6,21.59,36.91
2018-02-01,52.43,109.2,19.445,40.36,66.4,49.15,45.54,36.3,51.3,21.66,37.07
2018-02-02,49.09,105.49,17.97,38.97,64.22,47.415,44.15,35.25,49.9,21.145,35.41
2018-02-05,48.46,105.16,17.66,37.79,62.55,46.839,43.24,33.8,47.05,21.07,34.82
2018-02-06,49.44,107.54,18.725,37.65,63.61,48.03,44.31,34.25,48.0,20.5,35.59
2018-02-07,47.7,106.63,17.87,37.03,62.92,47.22,44.36,33.325,48.0,19.865,35.01
2018-02-08,45.99,105.18,17.16,36.6,60.38,45.48,42.79,32.1,46.1,19.85,34.08
2018-02-09,45.93,107.72,17.58,36.77,61.77,46.51,43.58,31.6,46.8,19.03,34.35
2018-02-12,46.65,111.54,17.58,36.91,63.42,46.87,44.7,31.85,47.5,19.67,35.42
2018-02-13,47.3,108.45,17.79,37.02,64.08,48.3,44.87,31.325,47.05,19.47,35.92
2018-02-14,48.54,111.71,19.12,39.0,65.2,51.04,46.79,31.5,47.75,19.95,37.33
2018-02-15,47.57,114.61,19.12,39.41,65.59,50.81,47.14,31.45,47.4,19.91,37.3
2018-02-16,47.35,112.26,18.73,39.11,68.53,50.51,49.41,31.8,48.25,19.68,38.23
2018-02-20,48.06,114.56,18.43,38.38,67.55,50.47,48.85,31.4,47.6,19.34,37.45
2018-02-21,47.57,112.93,18.73,38.1695,66.86,49.85,48.15,31.75,52.65,19.46,37.19
2018-02-22,48.01,113.68,19.16,37.64,66.93,50.68,48.0,35.325,52.4,19.36,37.13
2018-02-23,46.68,118.77,19.56,38.72,66.95,52.17,47.46,35.5,53.5,19.56,37.38
2018-02-26,46.67,110.12,19.54,39.32,67.89,53.77,48.02,36.45,53.65,19.61,37.72
2018-02-27,46.23,111.5,19.08,38.43,67.27,53.41,47.51,35.7,52.8,19.11,37.13
2018-02-28,44.96,100.44,18.6,38.19,65.4,52.7399,46.25,34.75,52.35,19.08,36.06
2018-03-01,45.08,95.96,18.52,38.11,67.53,53.13,48.1,33.35,51.6,19.255,36.94
2018-03-02,45.54,95.01,18.32,37.93,67.9,52.95,48.33,33.1,52.4,19.325,37.18
2018-03-05,45.68,96.44,18.2,38.3,67.87,53.265,47.29,33.5,52.75,19.5,36.91
2018-03-06,47.0,100.12,18.695,38.85,67.78,54.76,46.97,34.5,53.85,20.12,37.59
2018-03-07,47.88,100.05,18.12,37.68,69.47,54.815,47.35,34.3,53.9,19.895,37.68
2018-03-08,47.47,99.28,17.86,37.65,67.62,53.96,45.99,33.9,54.25,19.67,36.92
2018-03-09,47.86,101.74,18.43,37.69,67.15,54.57,46.35,34.95,56.05,19.71,36.74
2018-03-12,48.35,103.0,18.555,37.99,67.69,54.38,46.97,35.35,56.85,19.95,37.15
2018-03-13,48.58,103.11,18.49,38.21,67.52,54.22,47.25,35.25,56.65,19.89,37.02
2018-03-14,46.57,100.37,18.66,38.19,66.0,54.69,47.08,35.2,56.15,19.9,36.35
2018-03-15,46.94,98.07,18.41,37.3,66.17,54.5,46.43,34.775,56.3,19.61,36.2
2018-03-16,47.23,98.37,18.35,37.38,66.6,54.67,46.94,35.35,57.8,19.73,36.64
2018-03-19,46.36,96.91,18.055,37.46,65.34,54.45,45.69,35.0,57.5,19.73,35.59
2018-03-20,46.47,95.33,18.485,37.31,64.21,55.14,45.42,34.95,57.7,19.38,35.28
2018-03-21,47.97,97.47,19.19,38.22,65.34,55.86,46.41,35.55,58.1,19.85,36.17
2018-03-22,44.9,94.12,18.06,37.61,61.1,54.32,42.92,34.6,56.3,20.14,34.0
2018-03-23,44.72,93.24,17.52,38.74,59.45,53.47,42.34,33.35,54.75,20.39,33.7
2018-03-26,45.76,94.37,17.76,39.9,60.6,54.005,43.54,34.45,55.75,20.48,34.34
2018-03-27,44.8956,93.44,17.24,38.99,60.22,53.39,43.04,33.45,54.3,20.28,33.43
2018-03-28,44.42,89.58,16.76,38.38,59.33,52.42,42.69,33.8,55.65,20.07,33.05
2018-03-29,44.95,92.73,17.56,39.08,61.08,54.18,44.21,33.85,56.65,20.38,34.05
2018-04-02,44.34,88.99,17.14,39.27,59.84,54.23,42.85,33.1,55.6,20.53,33.6
2018-04-03,45.35,90.42,17.38,38.8,60.78,54.85,44.08,33.85,56.3,20.63,33.92
2018-04-04,46.92,91.6,17.34,38.975,61.13,55.5,44.42,34.6,55.95,20.385,34.11
2018-04-05,47.61,95.81,18.105,39.27,63.09,56.09,45.54,34.9,56.35,20.44,34.86
2018-04-06,48.05,91.81,17.32,39.28,60.69,54.72,43.48,34.0,55.0,20.59,33.92
2018-04-09,50.62,91.23,17.43,38.58,60.53,54.365,43.69,33.4,54.9,20.59,34.23
2018-04-10,54.07,92.33,18.19,39.47,62.16,56.11,45.13,33.75,55.425,20.79,35.43
2018-04-11,53.98,93.3,17.97,40.65,60.99,55.86,43.96,33.325,55.75,21.15,35.12
2018-04-12,54.48,93.39,17.85,40.39,61.91,56.09,45.09,33.2,55.7,21.05,35.3825
2018-04-13,54.96,95.48,17.865,41.61,61.64,54.9,44.59,33.7,56.1,21.24,35.55
2018-04-16,55.03,96.87,18.15,41.42,62.46,55.79,44.99,34.45,56.8,21.32,35.53
2018-04-17,57.08,96.64,18.315,41.395,64.13,56.6,46.33,35.4,56.5,21.52,36.2
2018-04-18,59.36,98.82,19.17,41.08,65.42,57.335,47.3,35.7,57.35,21.71,36.89
2018-04-19,60.2,98.57,19.58,41.94,65.12,57.09,47.14,35.15,56.3,21.71,37.26
2018-04-20,60.01,97.77,19.37,41.35,63.56,56.16,46.66,35.45,56.1,21.28,37.01
2018-04-23,51.91,97.34,18.8,41.04,62.87,55.36,45.72,35.625,55.85,21.03,36.11
2018-04-24,50.82,95.78,16.075,41.06,62.26,54.66,45.75,35.75,54.85,21.02,35.79
2018-04-25,51.9589,95.47,15.37,40.48,63.18,53.02,46.35,35.75,55.05,21.04,35.93
2018-04-26,52.94,96.56,15.63,40.77,63.17,53.32,47.09,35.7,53.9,21.24,35.9675
2018-04-27,51.59,96.94,15.325,40.65,62.03,53.26,45.57,35.45,53.05,21.38,35.16
2018-04-30,51.22,96.94,15.22,39.29,61.62,52.805,44.81,35.2,52.6,20.78,34.97
2018-05-01,51.9983,97.58,14.93,39.2,60.36,51.76,44.11,35.25,52.15,20.9,34.5
2018-05-02,53.09,97.82,15.11,39.18,60.99,51.74,44.685,35.2,48.55,20.97,34.79
2018-05-03,53.275,97.87,15.22,39.81,61.21,51.81,44.655,35.025,46.55,21.24,35.15
2018-05-04,54.42,100.06,15.42,39.63,62.93,52.97,46.18,35.55,46.525,21.31,35.98
2018-05-07,54.58,100.09,15.26,39.85,62.83,52.1,46.4,36.55,46.2,21.31,36.2
2018-05-08,53.76,100.7,15.3,39.98,62.61,51.07,46.5,36.95,46.9,21.45,36.1
2018-05-09,53.47,101.75,15.67,39.95,62.71,51.62,46.93,36.45,47.0,21.52,36.22
2018-05-10,53.79,98.35,16.21,40.43,63.85,52.33,47.78,37.0,47.65,21.78,36.74
2018-05-11,53.95,98.53,16.26,40.39,63.11,51.77,48.24,37.25,47.15,21.86,36.92
2018-05-14,52.33,99.15,16.195,40.39,62.75,51.79,48.57,36.2,46.9,21.83,36.77
2018-05-15,50.47,100.8,15.96,39.49,62.99,51.77,49.45,35.95,46.95,21.38,36.96
2018-05-16,50.21,102.37,16.65,39.68,64.96,52.03,50.94,36.8,47.5,21.48,37.57
2018-05-17,50.71,104.83,16.77,39.35,65.75,52.0,51.38,37.7,48.15,21.59,37.97
2018-05-18,50.83,104.9,16.86,39.17,65.55,51.36,50.86,38.45,48.4,21.67,37.8
2018-05-21,50.36,104.08,16.7,39.38,65.19,51.66,50.47,38.5,48.85,21.74,37.59
2018-05-22,49.68,102.34,17.16,38.79,65.06,51.775,50.42,38.3,48.25,21.75,37.42
2018-05-23,48.55,101.85,17.35,39.58,64.22,51.16,49.78,38.25,48.65,22.01,37.2
2018-05-24,49.15,95.03,17.39,39.98,64.6,51.36,49.78,38.55,49.25,22.05,37.31
2018-05-25,47.92,94.82,17.095,39.43,63.97,50.06,49.45,39.8,49.15,21.87,36.83
2018-05-29,47.3,93.04,16.65,38.94,62.73,48.32,48.66,39.75,49.25,21.54,36.73
2018-05-30,48.54,93.62,17.13,39.19,64.09,49.36,49.885,40.1,49.85,21.88,37.54
2018-05-31,48.06,93.47,16.9,38.92,64.18,48.9,49.425,39.7,48.35,21.85,37.49
2018-06-01,47.64,94.26,17.12,38.63,65.8,49.25,49.96,39.05,48.65,21.92,37.89
2018-06-04,48.46,94.45,17.215,38.24,65.63,49.63,49.79,39.7,49.75,21.68,37.67
2018-06-05,49.45,94.66,17.66,38.55,66.3,51.29,50.15,40.0,50.0,21.99,38.13
2018-06-06,50.12,95.64,18.2,38.65,67.25,52.6,50.77,39.95,50.35,22.24,38.64
2018-06-07,49.17,95.2,17.93,38.59,66.42,51.58,50.26,39.85,50.25,22.04,38.29
2018-06-08,48.52,95.36,18.03,38.39,66.84,51.46,50.74,40.45,50.35,22.175,38.09
2018-06-11,49.92,95.37,18.18,38.57,67.07,51.33,50.16,40.45,50.45,22.13,38.33
2018-06-12,49.3,95.75,17.855,38.78,67.06,51.145,49.775,40.25,49.7,22.16,38.31
2018-06-13,48.35,94.19,17.82,38.7,66.77,50.5,49.17,39.75,49.2,22.17,37.98
2018-06-14,47.85,93.66,17.58,39.16,68.53,50.27,49.02,40.25,49.0,22.27,38.26
2018-06-15,45.34,93.36,16.9,38.39,66.86,48.57,46.75,39.9,49.15,22.14,36.92
2018-06-18,45.77,92.91,16.805,38.42,66.71,48.6,47.49,40.0,49.7,22.195,37.18
2018-06-19,44.46,91.41,16.26,38.34,65.48,47.26,46.5,39.85,50.0,21.98,36.34
2018-06-20,45.26,91.61,16.3,37.95,65.88,47.05,46.95,39.65,50.35,21.84,36.75
2018-06-21,44.78,91.99,16.35,37.01,64.88,46.66,46.51,39.5,49.95,21.42,36.29
2018-06-22,45.5,93.46,16.44,37.44,66.2,46.714,47.89,38.8,50.25,21.685,37.02
2018-06-25,44.27,91.96,15.74,36.98,63.46,46.57,46.52,37.85,49.35,21.42,35.53
2018-06-26,45.8,92.5,16.25,37.18,64.13,46.96,46.9,38.25,49.5,21.68,35.84
2018-06-27,45.77,93.42,16.9,36.98,62.98,46.01,45.74,37.95,48.05,21.7,35.34
2018-06-28,46.45,93.64,16.8,37.02,62.71,45.89,45.9,38.25,47.45,21.67,35.26
2018-06-29,46.99,94.34,17.27,37.72,62.5,46.87,45.95,37.525,47.45,22.06,35.52
2018-07-02,45.87,93.45,17.15,37.55,62.84,45.43,46.16,37.775,48.3,21.93,35.41
2018-07-03,45.78,96.64,17.1,37.68,61.68,44.59,45.21,37.95,47.95,22.45,35.39
2018-07-05,46.88,94.77,16.98,38.45,63.02,45.42,46.7,38.6,49.2,22.585,35.98
2018-07-06,47.15,95.54,17.51,37.82,63.34,45.79,46.39,38.75,48.9,22.67,36.22
2018-07-09,48.26,95.98,18.105,37.78,64.17,46.48,46.81,38.9,49.05,22.395,36.65
2018-07-10,47.88,95.81,18.11,37.91,64.72,46.31,47.41,38.8,49.2,22.46,36.8
2018-07-11,48.07,94.67,17.4,37.06,63.96,44.52,46.75,38.675,48.1,21.99,36.02
2018-07-12,47.37,95.35,17.29,37.14,63.87,44.79,46.8,38.5,48.55,22.15,36.07
2018-07-13,47.25,95.56,16.8,36.84,64.12,45.09,47.28,39.0,49.15,21.99,35.97
2018-07-16,47.4,94.96,16.77,36.485,64.01,44.72,46.86,38.95,48.45,22.06,35.73
2018-07-17,48.02,96.96,16.77,36.96,64.63,45.11,46.79,39.15,48.55,21.89,36.18
2018-07-18,47.96,96.75,17.09,37.19,65.67,45.65,47.92,39.2,49.1,21.77,36.79
2018-07-19,41.5594,96.22,15.8,37.0,64.68,43.58,46.66,40.0,49.05,21.24,35.88
2018-07-20,40.31,93.91,15.75,37.03,66.28,43.77,46.95,39.25,48.7,21.31,36.11
2018-07-23,41.31,90.91,15.82,36.56,66.72,44.44,47.78,38.5,48.15,21.03,36.58
2018-07-24,42.45,90.88,16.07,37.155,67.82,46.52,49.115,37.7,47.875,21.23,37.14
2018-07-25,43.12,91.78,15.8699,37.47,67.99,47.515,49.61,36.8,46.65,21.49,37.27
2018-07-26,42.815,93.06,15.97,37.82,67.57,47.69,48.43,41.75,47.0,21.185,36.92
2018-07-27,43.24,93.25,15.99,36.89,67.62,47.88,47.99,43.6,46.6,20.95,36.44
2018-07-30,42.58,92.4,16.085,36.72,67.21,48.06,47.55,42.1,46.75,20.745,36.09
2018-07-31,43.26,94.2,16.5,36.68,66.91,49.36,47.09,43.4,48.75,20.95,35.94
2018-08-01,42.05,91.02,15.58,36.44,65.69,47.75,45.81,41.85,51.75,20.82,35.62
2018-08-02,42.48,92.03,15.43,36.22,64.54,46.87,44.63,43.15,51.75,20.94,35.35
2018-08-03,42.72,92.62,15.72,36.47,64.47,47.56,44.25,43.125,51.4,21.2,35.42
2018-08-06,42.72,92.67,15.4,36.21,64.0,46.57,44.36,44.05,50.95,21.02,35.37
2018-08-07,41.97,92.84,15.37,36.06,64.54,45.88,45.11,44.75,51.8,20.67,35.17
2018-08-08,43.7,98.77,15.39,36.17,64.43,45.66,44.91,44.6,51.45,20.93,35.01
2018-08-09,42.99,100.76,15.31,35.7,63.42,45.69,44.29,43.6,51.3,20.9837,34.85
2018-08-10,44.97,98.51,15.105,35.6,63.44,45.3,43.61,43.35,50.6,20.83,34.69
2018-08-13,44.46,95.64,14.93,34.65,63.14,44.54,43.68,43.6,49.7,20.04,34.15
2018-08-14,44.13,97.32,14.8,33.94,63.56,43.98,43.61,44.3,50.4,19.93,33.94
2018-08-15,40.89,95.55,13.67,31.8,61.11,42.23,42.54,44.1,48.9,18.31,32.47
2018-08-16,41.45,97.04,13.78,31.6,61.77,42.91,43.4,44.5,49.55,17.63,32.94
2018-08-17,42.03,95.42,13.96,32.06,62.38,43.64,43.73,44.925,50.3,18.42,33.41
2018-08-20,41.82,95.53,14.12,31.89,62.54,43.79,44.86,45.35,51.15,18.31,33.61
2018-08-21,43.03,94.84,14.32,31.95,63.79,44.0,45.11,46.05,51.75,18.31,34.04
2018-08-22,43.2147,94.54,14.53,32.31,63.78,44.39,45.3,46.1,51.55,18.18,34.13
2018-08-23,42.02,93.78,14.18,31.66,62.01,43.27,44.075,45.8,51.15,17.61,33.21
2018-08-24,43.43,96.01,14.47,32.04,62.52,44.37,44.74,45.675,51.8,18.119,33.83
2018-08-27,43.85,96.9,14.73,32.24,63.71,45.39,45.9,45.425,52.05,18.14,34.245
2018-08-28,44.24,96.93,14.66,31.83,63.82,45.69,45.79,45.3,51.6,17.645,34.19
2018-08-29,45.13,96.71,14.67,31.74,64.08,45.37,46.31,45.8,51.1,17.72,34.5
2018-08-30,44.37,95.06,14.15,31.03,62.79,43.71,45.63,45.35,50.2,17.42,33.8
2018-08-31,44.66,95.52,14.05,31.05,62.49,43.64,45.73,45.4,50.3,17.18,33.96
2018-09-04,43.36,96.55,13.48,30.1,62.21,42.34,45.56,45.75,50.45,16.39,33.36
2018-09-05,42.85,96.44,13.68,30.13,63.635,42.2,46.79,45.3,51.0,16.09,33.58
2018-09-06,40.36,97.66,13.57,30.23,63.32,41.45,47.37,45.05,50.8,15.95,33.57
2018-09-07,41.0,97.19,13.18,30.14,63.25,40.45,46.72,44.75,50.6,15.94,33.3
2018-09-10,42.01,97.4,13.2,29.74,62.45,40.05,46.19,45.15,51.5,15.41,33.31
2018-09-11,40.8791,98.84,13.045,29.63,62.7,39.8,46.18,45.1,49.8,15.38,33.15
2018-09-12,42.02,99.47,13.64,30.17,63.56,41.11,47.08,45.05,50.6,15.91,33.91
2018-09-13,41.77,100.61,13.58,30.24,63.49,41.18,47.04,45.35,51.35,15.81,33.78
2018-09-14,42.78,100.9,13.68,30.385,62.58,41.36,46.83,45.8,51.9,15.95,33.89
2018-09-17,42.83,102.47,13.73,30.63,63.05,41.1,47.22,45.7,51.05,16.29,34.22
2018-09-18,43.1,103.05,14.01,30.86,64.26,41.805,46.89,46.45,50.15,16.53,34.8
2018-09-19,42.62,105.49,14.3,31.52,64.83,42.37,47.2,47.6,49.3,16.78,35.1
2018-09-20,42.92,106.62,14.39,31.51,64.4,43.27,46.36,48.35,50.1,17.0,35.18
2018-09-21,43.77,105.42,14.6,31.55,64.36,44.25,45.61,46.4,50.925,16.96,34.87
2018-09-24,41.96,104.97,14.24,31.1,63.68,43.44,45.45,46.025,50.6,16.75,34.54
2018-09-25,41.24,102.53,14.49,31.26,64.65,43.805,45.9999,45.9,50.5,16.83,35.11
2018-09-26,40.48,101.33,14.01,29.87,63.29,43.54,45.58,45.8,49.7,16.66,34.31
2018-09-27,40.5,100.96,13.87,29.98,63.08,43.33,45.53,45.85,50.05,17.23,34.11
2018-09-28,40.37,99.77,13.92,30.21,63.44,43.14,45.2,45.6,50.15,17.5,34.19
2018-10-01,40.86,100.83,13.7,30.34,64.31,43.16,45.68,45.0,49.2,17.15,34.37
2018-10-02,41.56,101.85,13.89,31.18,65.3,43.62,46.0,44.5,48.545,17.27,34.5
2018-10-03,42.82,104.04,13.94,30.48,65.4,43.75,46.16,45.1,49.19,17.01,34.32
2018-10-04,43.1,104.23,13.63,30.37,65.0,42.66,45.74,44.42,48.6,17.095,33.96
2018-10-05,42.06,103.06,13.27,30.59,64.3,42.26,45.41,42.97,47.2,17.06,33.72
2018-10-08,38.75,102.25,13.295,30.52,64.72,42.43,45.14,42.7,47.56,17.38,33.89
2018-10-09,37.61,97.28,13.185,30.09,63.7,42.22,44.825,41.66,47.52,17.27,33.5
2018-10-10,36.06,95.68,12.77,30.58,61.05,41.33,43.37,41.28,46.3,17.26,32.49
2018-10-11,35.67,94.38,13.23,32.71,60.47,42.69,42.33,40.17,44.91,17.98,32.77
2018-10-12,35.655,95.08,12.73,32.04,60.83,41.76,42.39,39.69,43.86,17.38,32.805
2018-10-15,35.34,96.09,12.82,32.66,58.76,42.14,40.67,39.81,44.03,17.63,32.84
2018-10-16,36.19,97.12,12.67,32.29,58.95,41.9,40.26,40.86,45.22,17.6,33.26
2018-10-17,36.7,96.33,12.4,32.11,59.12,41.87,40.53,40.34,44.44,17.57,33.32
2018-10-18,38.85,95.65,12.14,32.37,58.29,40.01,41.32,39.32,43.89,17.51,32.74
2018-10-19,38.58,95.63,12.01,32.18,58.39,38.28,41.02,38.5,43.91,17.41,32.35
2018-10-22,39.47,97.29,12.0,31.96,59.18,38.26,41.5,38.64,43.88,17.14,32.54
2018-10-23,37.33,96.15,11.6,32.41,58.61,37.19,40.67,37.75,43.03,17.29,31.94
2018-10-24,34.2,93.63,10.71,31.77,55.66,35.91,38.59,35.42,41.05,16.98,30.06
2018-10-25,34.58,95.42,11.25,29.6,57.73,36.98,39.56,36.05,42.11,16.25,30.67
2018-10-26,34.25,95.3,11.5,30.0,56.13,37.4,38.36,35.585,42.15,16.4,30.07
2018-10-29,33.82,95.17,11.09,30.76,56.85,35.855,38.58,35.26,42.03,16.37,29.8
2018-10-30,34.15,97.14,11.415,31.0,57.91,36.81,38.999,35.98,44.18,16.58,30.01
2018-10-31,35.0,99.2,11.65,30.93,59.12,38.34,39.59,35.57,44.08,16.44,30.61
2018-11-01,36.78,105.41,12.28,32.06,60.0,39.77,40.46,33.66,48.49,17.17,31.18
2018-11-02,36.92,106.42,12.24,32.42,60.51,40.62,40.85,32.85,49.09,17.15,31.78
2018-11-05,36.6,106.19,12.23,32.41,61.34,39.6,40.87,33.81,50.05,16.77,31.83
2018-11-06,36.18,107.75,12.21,32.29,62.42,39.7241,41.23,34.56,50.79,16.6,31.77
2018-11-07,36.84,107.96,12.32,32.5,64.19,39.745,41.68,35.45,51.34,16.4,31.98
2018-11-08,36.39,105.86,11.93,32.46,64.13,39.06,41.07,34.73,51.31,16.41,31.59
2018-11-09,34.36,102.33,11.35,32.03,62.78,37.92,40.27,33.51,50.18,16.305,30.85
2018-11-12,33.73,98.05,11.17,31.52,62.17,36.88,39.9,32.84,49.28,15.81,30.36
2018-11-13,34.7,99.21,11.25,31.41,63.08,36.57,40.27,33.68,49.4,15.72,30.54
2018-11-14,35.15,99.96,11.54,32.4,62.11,37.04,39.23,34.96,49.23,15.97,30.39
2018-11-15,35.95,102.7,11.96,32.85,62.88,37.741,40.01,34.86,50.04,15.41,30.951
2018-11-16,35.94,101.01,11.96,33.33,63.23,37.81,39.68,35.01,50.17,16.14,31.22
2018-11-19,33.49,99.6,11.52,32.79,62.17,37.26,39.74,35.04,49.09,16.02,30.51
2018-11-20,32.68,95.74,10.88,32.91,60.215,35.6,37.95,34.25,48.56,15.81,29.28
2018-11-21,32.8,95.5,11.41,33.59,60.65,35.88,38.49,35.01,48.2,16.3,29.75
2018-11-23,32.31,96.72,10.77,32.44,59.4,32.08,37.44,34.72,47.96,15.845,29.0
2018-11-26,32.55,96.62,11.085,32.46,59.41,31.93,37.0,34.37,48.95,15.73,28.7
2018-11-27,31.19,95.41,11.23,31.955,58.29,32.98,33.69,34.22,48.79,15.33,28.18
2018-11-28,33.6,96.66,11.96,32.68,59.65,33.85,35.05,35.19,50.0,15.8,29.39
2018-11-29,31.0,96.38,11.8168,32.34,59.98,33.54,34.99,35.35,50.36,15.72,28.99
2018-11-30,31.83,96.32,11.93,32.345,60.43,33.49,35.19,36.17,50.01,15.64,29.0433
2018-12-03,32.06,98.45,12.09,33.23,61.17,33.73,35.67,36.57,49.87,16.115,29.83
2018-12-04,30.4,93.18,11.495,33.79,59.66,32.82,34.72,36.09,47.57,16.11,28.94
2018-12-06,29.64,91.18,11.15,32.66,59.18,32.4,33.14,35.55,47.57,16.21,28.39
2018-12-07,28.8,88.64,10.93,33.4,57.53,32.65,32.3,34.77,46.96,16.545,28.06
2018-12-10,28.3,89.03,10.68,33.52,56.99,32.24,31.8,34.29,47.5,16.37,27.73
2018-12-11,28.44,89.09,10.755,33.34,56.47,32.15,31.26,34.18,47.52,16.38,27.64
2018-12-12,29.23,88.78,11.07,34.1,56.27,31.99,32.0,34.53,48.57,16.64,27.92
2018-12-13,29.09,87.92,10.92,34.03,55.69,32.1,32.38,34.11,48.01,16.58,27.76
2018-12-14,28.61,84.97,10.56,33.3,56.4,31.7,32.19,33.99,47.75,18.94,27.06
2018-12-17,28.105,80.5,10.59,33.61,54.8,31.16,31.39,33.95,46.82,19.03,27.13
2018-12-18,28.26,81.03,10.605,34.17,54.96,31.24,31.89,34.36,48.04,19.8,27.39
2018-12-19,27.64,79.8,10.18,32.08,53.61,30.29,30.97,33.58,47.0,18.76,26.35
2018-12-20,27.335,76.14,10.24,34.08,52.25,29.79,30.09,34.07,47.35,19.33,26.32
2018-12-21,26.39,74.81,10.05,33.52,51.93,30.195,30.11,34.29,47.54,18.93,25.705
2018-12-24,25.18,73.13,9.79,34.64,50.07,29.86,29.06,33.19,46.56,19.45,25.28
2018-12-26,27.14,76.26,10.4,34.53,52.3,30.8,30.12,34.47,48.1,18.91,26.33
2018-12-27,27.15,77.18,10.67,34.99,52.45,31.02,29.97,34.78,48.05,19.48,26.39
2018-12-28,26.615,76.71,10.44,34.47,51.85,30.54,29.86,35.075,49.29,19.41,26.17
2018-12-31,26.4351,76.71,10.245,34.56,51.52,30.645,29.945,35.49,50.03,19.495,26.105
2019-01-02,26.175,78.04,10.36,34.47,52.12,30.14,30.415,35.61,50.25,19.285,26.595
2019-01-03,26.2482,72.75,10.06,34.385,51.34,29.09,30.0,35.64,49.16,19.655,26.06
2019-01-04,28.385,76.24,10.8301,34.42,53.84,31.12,31.545,36.48,50.97,19.385,27.53
2019-01-07,28.38,76.62,11.0001,33.94,53.47,31.36,31.9,37.21,51.0,19.21,27.51
2019-01-08,28.23,77.17,11.215,34.035,55.22,31.72,32.86,36.28,51.07,19.34,27.92
2019-01-09,29.115,76.86,11.505,34.37,55.89,31.87,33.13,36.11,51.14,19.49,28.49
2019-01-10,28.98,77.2,11.51,34.87,56.435,31.88,33.39,36.38,51.85,19.285,28.45
2019-01-11,28.435,77.4,11.6,34.88,56.555,31.71,33.495,36.4,51.64,19.31,28.455
2019-01-14,28.8,76.92,11.575,31.745,56.25,32.215,33.015,36.135,51.66,19.14,28.235
2019-01-15,28.92,73.61,11.55,30.97,55.825,30.695,32.76,35.88,51.8,19.03,27.615
2019-01-16,28.935,73.92,11.885,31.52,56.89,31.3,33.385,35.94,51.82,19.12,28.165
2019-01-17,29.575,75.27,12.11,31.58,57.71,32.005,33.63,36.01,53.02,19.07,28.78
2019-01-18,29.225,76.57,12.54,31.75,58.665,32.3,34.26,36.48,52.87,19.025,29.18
2019-01-22,27.755,75.19,12.36,32.07,57.655,31.735,34.78,35.88,52.47,18.85,28.63
2019-01-23,28.2834,73.92,12.31,32.2,57.27,31.195,34.82,35.44,52.1,18.84,28.68
2019-01-24,27.995,74.02,10.69,32.19,56.95,31.04,34.725,35.42,52.24,18.84,28.455
2019-01-25,29.035,76.6,11.245,33.12,58.215,32.27,35.44,35.16,52.71,19.5701,29.48
2019-01-28,27.97,77.125,10.275,32.79,58.455,31.755,35.57,34.99,51.96,19.44,29.08
2019-01-29,28.695,78.34,10.47,33.525,60.0999,32.67,35.875,35.25,52.41,20.13,29.32
2019-01-30,29.61,80.21,11.29,33.68,60.36,33.75,36.83,34.99,53.35,20.395,30.34
2019-01-31,29.64,80.88,11.645,34.19,61.3,33.6,36.59,35.65,53.89,21.055,30.72
2019-02-01,28.62,81.245,11.54,33.86,61.47,33.42,37.14,36.5,53.89,21.095,30.52
2019-02-04,29.06,81.86,11.87,34.13,61.99,33.71,37.46,36.73,54.5,21.23,30.7
2019-02-05,29.02,81.29,11.85,34.105,61.3525,33.9315,36.85,36.93,54.35,21.43,30.76
2019-02-06,28.5499,82.29,11.885,33.99,60.41,34.16,36.92,37.41,54.27,21.055,30.55
2019-02-07,27.2699,80.58,11.865,33.725,59.26,32.88,35.97,37.06,53.81,20.99,29.835
2019-02-08,27.63,80.96,11.5899,33.82,59.74,32.52,35.705,36.87,53.2,21.355,29.66
2019-02-11,27.975,80.8299,11.515,33.661,59.94,31.24,36.235,36.87,53.33,21.09,29.77
2019-02-12,28.4,80.43,11.495,33.365,61.535,30.19,37.01,37.77,54.6,21.02,30.15
2019-02-13,29.095,81.78,12.3,33.255,61.28,30.6449,36.91,37.76,54.53,20.91,30.345
2019-02-14,28.195,80.51,12.175,33.12,59.82,31.455,36.76,37.95,54.25,21.18,30.3099
2019-02-15,28.21,81.42,12.28,33.275,59.495,32.47,37.055,38.45,54.88,21.29,30.53
2019-02-19,28.15,83.12,13.1,34.58,59.855,34.4025,37.285,,56.33,21.8,31.1
2019-02-20,29.24,82.82,13.35,35.4,61.5,35.83,39.04,,57.88,22.01,31.84
2019-02-21,29.59,89.26,13.01,35.39,61.06,35.85,38.6,41.75,58.045,21.74,31.79
2019-02-22,30.17,89.17,13.22,36.48,61.19,36.195,39.06,42.26,58.7,22.39,31.78
2019-02-25,30.78,91.56,13.25,36.1,61.46,36.88,38.84,42.34,58.72,22.48,31.8
2019-02-26,30.86,91.0,13.18,34.95,61.06,36.79,38.32,40.19,59.8,22.3,31.7
2019-02-27,30.97,92.28,13.16,34.01,60.9,36.72,37.95,40.46,60.37,21.97,31.49
2019-02-28,29.5,91.29,12.9,34.11,60.56,35.61,37.33,40.51,59.24,21.75,30.94
2019-03-01,29.665,90.79,12.86,33.83,60.38,35.76,37.88,40.56,59.48,21.37,31.05
2019-03-04,29.16,88.49,12.77,34.46,60.84,35.72,37.96,40.09,58.85,21.49,30.95
2019-03-05,29.2,87.92,12.84,34.51,60.37,36.25,37.725,39.95,58.75,21.77,30.825
2019-03-06,28.26,86.36,12.54,33.14,59.64,36.11,36.65,39.34,57.73,21.46,29.865
2019-03-07,27.3698,84.59,12.31,33.22,59.02,35.78,36.03,39.22,57.95,21.645,29.28
2019-03-08,26.815,82.95,12.08,33.71,57.78,35.85,34.65,39.21,58.2,22.1,28.87
2019-03-11,27.53,85.51,12.36,33.44,58.98,37.04,35.67,39.39,59.17,22.01,29.41
2019-03-12,28.43,85.47,12.66,34.53,59.06,37.84,36.34,39.58,59.92,22.15,29.865
2019-03-13,28.985,86.23,12.66,34.41,59.49,38.25,36.48,39.58,59.56,22.48,30.09
2019-03-14,27.89,84.73,12.323,33.43,58.81,37.08,35.12,39.84,59.19,21.94,29.54
2019-03-15,27.825,85.41,12.35,33.14,58.53,37.64,35.12,39.73,59.6,22.57,29.58
2019-03-18,28.64,86.43,12.625,33.0,58.89,38.06,34.95,40.36,60.07,22.44,29.795
2019-03-19,28.63,85.25,12.68,33.27,58.98,38.84,35.47,39.99,59.54,22.73,29.77
2019-03-20,28.78,84.42,12.825,33.87,58.13,39.13,35.17,40.08,59.02,22.97,29.75
2019-03-21,29.41,85.53,12.92,34.33,58.81,39.44,35.81,40.19,59.69,24.18,30.29
2019-03-22,28.11,82.72,12.18,34.505,57.0,37.5852,33.97,39.115,56.49,24.5,29.09
2019-03-25,28.02,81.59,12.38,34.9,56.88,37.93,34.03,39.72,57.36,24.83,29.13
2019-03-26,27.55,81.04,12.7,35.55,56.945,39.15,34.21,40.16,57.24,25.095,29.36
2019-03-27,27.915,80.13,12.72,35.7,57.58,38.87,34.65,40.4,57.19,25.11,29.47
2019-03-28,27.99,81.17,12.725,35.56,57.62,39.03,34.65,40.4,57.18,24.36,29.55
2019-03-29,28.17,82.01,12.89,35.78,58.36,39.68,35.26,40.59,57.22,23.82,29.71
2019-04-01,29.46,84.2,13.1,35.61,59.7,40.25,35.68,40.75,58.01,23.76,30.22
2019-04-02,28.54,82.88,13.125,35.835,59.5,39.88,35.39,40.24,58.25,23.61,30.03
2019-04-03,28.68,84.22,13.155,35.93,60.59,40.42,35.42,40.22,58.31,23.47,30.15
2019-04-04,29.29,85.55,13.57,36.47,60.7,41.0,35.23,40.61,58.77,23.68,30.64
2019-04-05,29.55,86.13,13.33,36.49,60.68,41.03,35.84,40.72,58.91,23.45,30.9
2019-04-08,29.67,86.9,13.74,36.66,60.47,41.69,35.83,41.14,59.45,23.85,30.98
2019-04-09,29.11,84.79,13.385,36.59,58.85,40.76,34.69,40.36,58.56,23.53,30.19
2019-04-10,29.14,85.57,13.5,36.26,58.24,41.07,34.67,40.88,59.46,23.55,30.27
2019-04-11,28.49,82.71,13.41,35.97,57.69,40.35,33.8,40.93,59.87,23.18,29.78
2019-04-12,28.29,83.63,13.7,36.24,58.53,41.0,33.85,40.75,60.46,23.11,29.83
2019-04-15,27.76,82.27,13.69,36.175,57.91,40.625,33.66,40.96,60.53,23.35,29.71
2019-04-16,27.72,83.23,14.15,34.78,58.24,41.27,34.07,41.45,61.0,22.97,29.86
2019-04-17,27.72,82.1,14.18,34.17,58.0,41.83,34.16,41.42,61.11,22.13,29.86
2019-04-18,26.66,82.59,14.0,33.04,57.5,41.03,33.96,41.04,60.83,21.96,29.3
2019-04-22,28.14,82.18,13.64,32.56,56.99,40.3,32.27,40.18,59.68,21.79,29.001
2019-04-23,28.53,79.07,13.46,32.36,58.62,40.19,32.82,40.15,60.41,21.61,29.51
2019-04-24,28.13,76.8,13.58,32.205,58.34,39.35,32.48,40.98,61.27,21.56,29.35
2019-04-25,27.11,74.85,12.201,31.63,57.41,38.0,31.6,39.9,59.5,21.39,28.68
2019-04-26,26.92,75.57,12.4963,31.465,56.38,38.96,31.58,39.81,59.01,22.115,29.055
2019-04-29,26.84,75.71,12.43,30.75,56.89,38.86,31.99,40.0,59.72,21.54,29.09
2019-04-30,26.68,75.08,12.32,31.06,57.04,38.41,31.68,39.66,59.27,21.66,28.83
2019-05-01,25.995,74.04,11.71,30.32,55.84,36.72,31.49,39.73,55.41,21.19,28.11
2019-05-02,25.93,76.12,11.51,30.09,55.9,36.36,31.73,40.02,55.67,20.68,28.1
2019-05-03,26.68,77.05,11.95,30.22,57.65,37.8,33.11,38.04,57.45,20.86,29.22
2019-05-06,25.86,77.09,11.73,29.935,56.69,36.45,32.59,39.51,58.3,20.78,28.93
2019-05-07,25.165,75.86,11.44,30.72,56.19,36.51,32.2,39.2,56.83,21.015,28.5
2019-05-08,24.69,72.58,11.38,30.2,56.41,36.35,32.63,37.75,56.72,20.33,28.14
2019-05-09,24.82,72.61,11.28,29.93,56.55,35.43,32.42,37.69,56.7,20.07,28.12
2019-05-10,25.03,72.57,11.37,30.16,56.79,35.65,32.41,38.12,56.595,20.1375,28.12
2019-05-13,24.54,68.55,10.71,30.92,54.68,34.68,30.92,37.14,54.17,20.58,27.03
2019-05-14,25.0,70.21,10.87,30.82,55.18,35.02,31.27,37.42,54.55,20.35,27.33
2019-05-15,25.01,69.59,10.86,30.68,54.88,35.06,31.07,37.5,53.77,20.27,27.42
2019-05-16,24.98,69.41,10.66,30.55,54.96,35.09,30.93,37.64,54.43,19.89,27.34
2019-05-17,24.5,67.76,10.37,30.9,53.28,34.72,30.02,37.12,52.97,20.09,26.88
2019-05-20,23.995,67.78,10.2,31.17,52.6,34.31,29.65,37.22,52.26,20.07,26.34
2019-05-21,24.73,68.5,10.35,31.33,53.64,34.55,30.33,37.44,53.61,20.27,26.78
2019-05-22,24.24,67.93,10.06,31.32,52.87,33.48,29.05,37.18,53.46,19.8,26.165
2019-05-23,23.24,66.35,9.95,31.65,51.39,33.28,27.19,36.96,51.99,20.1,25.54
2019-05-24,23.01,66.8,10.08,31.92,51.16,33.48,27.15,36.88,51.81,20.3,25.55
2019-05-28,22.55,67.41,10.03,31.66,50.88,33.86,27.19,36.28,51.14,20.45,25.23
2019-05-29,22.47,65.82,9.98,31.6,50.76,34.16,26.72,36.13,50.48,20.68,25.15
2019-05-30,21.62,65.57,9.82,32.1,49.29,33.94,25.56,36.07,50.16,21.12,24.71
2019-05-31,21.18,63.28,9.7,33.1,47.99,33.73,25.16,35.7,49.95,22.1,24.41
2019-06-03,21.51,65.05,9.91,33.61,,34.69,26.2,35.99,,22.62,
2019-06-04,21.89,67.54,10.32,34.35,50.12,35.46,26.49,37.46,53.49,22.61,25.86
2019-06-05,21.37,67.36,10.1,34.49,50.58,35.07,26.19,37.44,53.59,22.66,25.68
2019-06-06,21.57,68.45,10.19,35.32,50.4,35.21,25.99,37.27,52.15,22.79,25.76
2019-06-07,21.44,69.09,10.34,35.69,50.81,36.05,25.93,37.57,53.06,22.92,25.91
2019-06-10,21.58,70.94,10.61,35.29,50.96,36.38,26.06,37.87,53.85,22.485,25.92
2019-06-11,21.665,73.44,10.625,34.92,51.74,37.21,26.63,38.17,53.56,22.79,26.33
2019-06-12,21.17,72.16,10.59,35.47,51.13,36.92,26.02,38.25,53.73,22.95,26.16
2019-06-13,21.81,72.76,10.83,35.56,52.16,37.45,26.665,38.52,54.62,23.005,26.67
2019-06-14,21.72,70.87,10.655,35.93,51.71,36.99,26.42,38.3,53.855,22.985,26.28
2019-06-17,21.69,71.28,10.74,36.23,50.76,37.27,26.23,38.09,53.3,23.41,26.49
2019-06-18,22.52,70.77,11.13,36.0,52.64,38.61,28.6,39.16,54.57,23.64,27.26
2019-06-19,22.4,68.93,11.19,36.36,54.273,38.24,29.7,39.305,54.68,23.7,27.75
2019-06-20,22.52,69.48,11.385,37.59,53.8,38.99,29.08,39.64,54.54,24.42,28.04
2019-06-21,22.59,68.33,11.34,37.5,53.92,39.24,29.17,39.36,53.87,24.16,27.72
2019-06-24,22.21,67.99,11.34,38.43,53.73,39.45,29.14,39.13,53.55,25.0,27.36
2019-06-25,22.56,67.78,11.33,38.04,54.31,38.82,29.87,38.92,53.55,24.6,27.28
2019-06-26,23.21,69.18,11.49,38.27,55.11,39.02,30.52,39.08,54.29,24.25,27.82
2019-06-27,23.13,69.51,11.56,38.06,54.59,38.98,30.35,40.07,57.02,23.92,27.9
2019-06-28,23.39,70.39,11.61,38.46,55.09,38.85,30.21,40.36,58.57,24.17,28.36
2019-07-01,22.915,70.36,11.44,37.9,55.68,38.49,30.67,39.41,56.93,23.36,28.23
2019-07-02,23.3,69.87,11.44,38.43,55.13,38.05,30.15,39.86,56.47,23.88,27.98
2019-07-03,22.72,71.52,11.3,38.76,55.29,38.47,30.14,40.12,55.9,23.93,27.9
2019-07-05,23.1346,70.51,11.29,38.42,55.31,38.16,30.61,40.19,57.66,23.46,28.0
2019-07-08,22.305,70.2,11.22,38.3,54.57,38.0,29.64,40.0,56.1,23.39,27.43
2019-07-09,22.22,70.62,10.87,38.76,54.5,37.26,29.84,39.73,55.77,23.76,27.27
2019-07-10,22.62,70.49,10.95,39.05,54.18,37.25,29.18,39.49,55.59,24.21,27.38
2019-07-11,22.49,70.58,11.1,39.28,54.11,36.85,29.34,39.25,55.25,23.89,27.235
2019-07-12,22.59,72.63,11.015,39.41,55.16,36.87,30.11,39.49,55.55,24.12,27.74
2019-07-15,23.16,72.43,11.15,39.16,55.22,37.42,30.46,39.41,55.14,24.16,27.78
2019-07-16,23.33,73.04,11.12,38.68,55.57,37.31,31.15,39.7,55.24,24.68,28.08
2019-07-17,23.14,72.62,11.05,39.06,54.72,36.88,30.67,39.49,54.83,26.27,28.14
2019-07-18,23.42,72.99,11.15,39.7,54.69,36.78,30.73,39.5,55.18,26.99,28.27
2019-07-19,23.12,74.47,11.49,39.29,56.72,37.63,31.46,39.25,54.75,26.74,28.52
2019-07-22,22.975,73.18,11.49,39.9,56.27,37.63,31.54,39.28,54.39,27.15,28.55
2019-07-23,22.94,74.575,11.66,39.615,56.57,37.41,32.11,39.59,55.47,26.98,28.72
2019-07-24,23.56,75.52,11.94,39.29,56.57,37.68,32.02,40.15,56.17,27.41,29.06
2019-07-25,22.85,74.62,11.43,38.24,56.2,37.43,32.23,39.7,55.04,27.12,28.385
2019-07-26,23.13,74.58,11.57,37.27,56.16,37.36,32.6,41.17,55.55,27.05,28.63
2019-07-29,23.13,73.08,11.61,37.71,55.73,37.27,32.61,41.95,55.035,27.15,28.57
2019-07-30,23.035,73.59,11.46,37.73,56.25,37.03,32.85,41.47,55.21,27.19,28.96
2019-07-31,22.49,72.96,11.05,36.52,54.37,35.79,31.48,41.43,54.91,26.12,27.96
2019-08-01,21.32,69.58,10.7,37.17,53.07,34.55,30.3,41.17,55.545,26.82,27.19
2019-08-02,20.7,68.68,10.3,36.91,52.58,33.1,29.64,41.32,55.14,26.11,26.73
2019-08-05,20.15,65.42,10.07,37.42,50.72,32.24,28.84,41.1,54.23,26.44,26.38
2019-08-06,19.9,65.46,10.14,37.99,51.35,32.365,29.08,41.41,54.58,26.51,26.36
2019-08-07,19.575,67.54,10.09,39.36,51.25,32.2127,28.93,41.83,53.95,26.97,26.04
2019-08-08,20.12,73.49,10.13,39.3,52.16,33.27,29.32,42.21,55.17,27.575,26.78
2019-08-09,19.21,70.25,9.745,39.035,51.05,31.99,28.18,42.25,54.3,27.73,25.95
2019-08-12,18.52,67.41,9.51,38.46,49.37,31.06,27.38,42.48,54.35,27.13,25.5475
2019-08-13,19.11,68.46,9.88,37.64,50.15,31.76,27.88,42.91,54.94,26.51,25.89
2019-08-14,17.51,64.28,9.36,37.98,48.51,30.6,26.64,42.42,53.32,26.44,24.88
2019-08-15,16.92,61.66,8.98,38.52,47.71,29.82,26.52,41.91,53.23,26.66,24.58
2019-08-16,17.51,63.09,9.1,38.58,48.76,29.91,27.31,42.07,54.33,26.48,24.97
2019-08-19,18.24,64.92,9.25,38.1,49.89,30.3,28.28,42.19,54.75,26.35,25.54
2019-08-20,18.31,64.17,9.19,38.56,49.06,30.16,27.9,41.95,54.21,26.83,25.58
2019-08-21,18.47,65.92,9.14,38.52,49.2,29.92,27.81,42.02,55.09,27.14,25.58
2019-08-22,18.05,63.23,9.13,38.5,48.91,30.15,27.44,41.75,54.02,27.04,25.25
2019-08-23,17.49,59.96,8.835,39.32,46.95,29.53,26.55,39.99,52.18,28.73,24.68
2019-08-26,17.185,60.83,8.85,39.46,47.43,29.52,26.62,40.21,52.5,28.98,24.84
2019-08-27,16.71,59.26,8.7,40.75,46.59,29.85,25.88,39.26,51.86,29.85,24.73
2019-08-28,17.01,59.3,8.95,40.86,47.28,30.4,26.54,39.92,53.02,29.92,25.15
2019-08-29,17.79,60.47,9.13,40.11,48.82,31.17,26.93,40.3,54.18,29.18,25.39
2019-08-30,17.93,61.7,9.18,39.83,48.95,31.6,27.0,40.22,53.905,29.42,25.47
2019-09-03,17.6,60.24,9.075,40.39,48.53,31.27,26.64,39.57,53.15,30.07,25.16
2019-09-04,18.28,61.31,9.29,41.03,49.3,31.61,27.06,39.67,53.65,30.81,25.73
2019-09-05,19.63,62.97,9.53,39.33,50.35,32.96,28.06,40.77,55.33,30.0,25.84
2019-09-06,19.11,63.23,9.42,38.66,50.16,33.09,27.39,40.61,54.42,28.8,25.43
2019-09-09,20.3,65.36,9.71,38.05,51.23,33.6,28.96,41.92,56.01,28.11,26.11
2019-09-10,20.83,68.3,10.12,38.14,52.63,34.51,30.77,42.57,56.07,27.89,27.0
2019-09-11,22.18,69.28,10.08,38.72,53.27,34.57,31.81,43.49,57.72,28.08,27.82
2019-09-12,22.55,69.29,10.38,38.64,53.7,35.34,31.93,44.75,59.55,27.64,27.65
2019-09-13,22.88,69.28,10.76,38.595,53.6,35.68,31.62,46.65,59.88,26.71,27.58
2019-09-16,22.55,68.78,10.47,38.47,53.15,35.13,31.78,46.25,60.09,26.74,27.84
2019-09-17,22.03,67.76,10.41,39.61,53.1,34.92,30.94,46.62,59.97,27.36,27.69
2019-09-18,21.67,67.36,10.36,39.06,52.9,34.69,30.525,46.34,57.57,27.05,27.06
2019-09-19,21.94,68.28,10.45,39.39,52.69,34.68,30.69,46.24,57.36,27.31,26.88
2019-09-20,21.71,68.85,10.47,39.83,52.59,34.47,30.34,46.2,56.02,27.39,26.54
2019-09-23,21.29,68.22,10.33,39.86,52.85,34.56,30.475,45.96,56.06,28.09,26.76
2019-09-24,20.63,67.88,10.01,40.3,50.66,33.6,29.55,45.82,56.44,28.455,26.06
2019-09-25,21.5,68.2905,10.06,39.58,51.68,34.21,30.32,46.565,57.79,27.44,26.33
2019-09-26,21.0,67.2,9.795,39.38,49.34,33.92,29.1,45.81,56.77,27.49,25.77
2019-09-27,20.6,68.13,9.64,38.41,50.01,34.08,29.37,45.92,56.63,26.75,25.72
2019-09-30,20.08,69.5305,9.57,37.93,50.92,34.11,29.81,45.9,56.24,26.23,25.44
2019-10-01,19.86,68.31,9.165,37.56,50.41,33.11,29.0,45.31,55.7,26.53,25.19
2019-10-02,19.3,66.5847,8.88,37.86,49.33,32.54,28.05,44.75,55.34,27.01,24.94
2019-10-03,19.05,67.23,8.86,38.12,49.57,32.72,28.25,44.48,54.6,26.55,25.07
2019-10-04,19.445,66.32,8.82,38.31,50.07,33.0,28.67,44.5,55.96,26.98,25.37
2019-10-07,19.25,65.67,8.76,38.25,49.68,33.0,28.31,44.28,55.56,26.94,25.22
2019-10-08,18.49,63.67,8.5,38.91,48.64,32.35,27.61,44.13,54.3,27.54,25.08
2019-10-09,18.41,63.61,8.55,38.78,48.82,32.44,28.13,44.12,55.42,27.15,25.01
2019-10-10,18.7,65.46,8.96,38.93,50.22,33.29,29.17,44.09,55.54,27.31,25.51
2019-10-11,19.26,68.91,9.545,37.62,52.66,34.48,30.37,44.44,57.0,26.23,26.15
2019-10-14,19.16,67.58,9.51,37.98,51.72,34.9,29.64,44.18,56.92,26.33,25.84
2019-10-15,19.45,67.85,9.525,37.68,52.81,34.21,30.06,44.67,56.98,25.18,25.78
2019-10-16,19.19,67.59,9.51,37.83,51.53,34.09,28.83,44.97,56.7,25.53,25.6
2019-10-17,20.3,68.23,9.44,38.31,51.76,33.56,28.73,45.17,57.08,25.93,25.89
2019-10-18,21.535,67.14,9.57,38.43,51.67,33.88,28.71,45.24,57.02,26.44,25.89
2019-10-21,20.465,67.23,9.825,37.97,51.82,34.94,28.61,45.4,57.62,26.01,25.81
2019-10-22,20.74,66.8,9.92,37.8,53.17,35.35,29.96,45.5,58.87,26.15,26.25
2019-10-23,21.29,67.46,10.13,38.39,52.98,36.07,29.8,45.46,60.195,26.3,26.37
2019-10-24,20.73,69.43,9.59,39.1,52.7,35.43,30.29,45.08,59.8,26.97,26.45
2019-10-25,21.01,63.59,10.14,39.18,53.81,35.99,30.66,51.34,60.525,27.505,26.78
2019-10-28,21.52,63.74,10.24,38.85,54.74,36.41,30.96,51.245,59.17,27.0,27.23
2019-10-29,21.6,63.02,10.24,38.84,54.63,36.72,30.87,53.88,56.7,27.03,27.13
2019-10-30,21.29,62.69,10.13,39.04,54.39,36.52,30.78,54.18,55.78,27.31,26.73
2019-10-31,20.799,60.74,9.82,39.73,53.84,35.59,30.37,53.26,56.23,28.0,26.3
2019-11-01,21.88,64.48,10.51,39.62,55.37,37.34,31.6,54.31,57.7,27.92,27.14
2019-11-04,22.905,67.7,10.81,38.85,55.91,38.07,31.58,53.44,59.64,26.82,27.43
2019-11-05,22.6,67.38,10.91,37.55,55.47,37.98,31.435,53.14,57.7,26.91,27.49
2019-11-06,21.91,66.83,10.64,37.64,55.14,36.94,30.84,53.68,57.78,27.07,27.23
2019-11-07,22.57,71.4,11.28,36.925,55.53,38.03,31.64,52.95,58.53,26.45,27.46
2019-11-08,22.55,68.01,11.52,36.6,55.55,37.8,31.65,52.775,58.6,26.27,27.65
2019-11-11,22.23,67.72,11.08,36.71,55.46,38.09,32.23,52.18,60.12,26.35,27.49
2019-11-12,22.19,65.35,11.05,36.9,55.3,37.79,32.26,52.36,59.78,26.35,27.345
2019-11-13,21.23,65.16,10.83,37.36,54.66,37.34,31.36,52.29,58.45,26.59,26.97
2019-11-14,20.98,65.54,10.81,37.54,54.5,37.16,31.33,52.39,58.53,26.47,26.8
2019-11-15,20.89,66.15,11.16,37.6,54.94,37.73,31.83,53.0,57.53,26.94,26.94
2019-11-18,20.74,67.1,11.01,38.07,55.48,37.29,31.87,53.01,56.94,28.0,27.16
2019-11-19,20.57,66.43,11.28,38.35,54.8,37.6,31.47,52.5,56.81,27.79,27.07
2019-11-20,20.37,65.08,11.05,38.49,54.08,36.98,31.52,52.33,55.65,27.96,26.945
2019-11-21,20.15,65.13,11.01,38.21,54.26,37.1,31.8,51.86,56.13,27.49,26.8
2019-11-22,20.57,64.9,11.35,38.1,55.25,37.91,32.6,51.81,56.02,27.35,27.09
2019-11-25,20.44,65.13,11.66,37.75,55.9,38.2,33.37,52.24,57.63,26.95,27.56
2019-11-26,20.27,65.59,11.7,38.11,56.0,38.08,33.72,52.19,57.69,27.61,27.66
2019-11-27,20.6,65.51,11.61,38.19,56.39,38.52,33.97,52.51,58.3,27.27,27.77
2019-11-29,20.35,65.36,11.3716,38.45,56.36,38.03,33.73,52.29,58.2,27.65,27.655
2019-12-02,20.34,65.07,11.46,38.75,56.64,37.97,34.17,51.6,57.92,27.96,27.84
2019-12-03,19.78,63.68,10.92,39.39,55.27,36.99,33.76,52.36,55.82,28.27,27.8
2019-12-04,19.765,62.93,11.11,39.12,55.82,37.7,34.05,52.67,56.96,28.055,28.13
2019-12-05,19.87,63.7,11.34,40.01,56.53,38.4,34.42,53.15,57.12,28.07,28.38
2019-12-06,20.6,64.29,11.65,39.81,57.61,38.81,35.1,54.2,57.99,27.26,28.6
2019-12-09,20.24,64.72,12.1,39.715,57.75,39.33,35.07,53.2,57.28,27.09,28.88
2019-12-10,20.65,65.3,12.285,40.0,57.74,39.62,34.87,52.65,56.88,27.5,28.96
2019-12-11,20.65,65.67,12.84,40.89,58.13,40.55,34.74,53.06,58.04,27.95,29.23
2019-12-12,21.26,68.01,13.06,41.12,58.1,41.22,35.07,53.12,58.85,27.68,29.53
2019-12-13,20.68,66.63,12.86,41.29,56.49,41.49,34.67,52.53,57.65,28.2,29.19
2019-12-16,20.99,66.2,12.945,40.99,56.475,41.24,33.98,51.85,57.39,27.63,29.0
2019-12-17,20.7,68.77,12.96,40.46,57.17,42.0,34.915,52.2,58.82,27.41,29.08
2019-12-18,20.95,68.88,12.98,40.99,57.06,42.63,34.84,51.76,58.53,27.88,29.29
2019-12-19,21.49,69.45,13.0,40.875,56.53,42.85,34.58,51.23,58.63,28.04,28.97
2019-12-20,21.235,70.4,12.71,40.94,56.86,42.3,34.97,51.0,57.14,27.18,28.485
2019-12-23,21.48,72.45,12.85,41.76,56.77,42.67,34.4,50.96,56.63,28.52,28.87
2019-12-24,21.59,72.32,12.9899,42.18,56.66,42.61,34.63,51.07,56.85,29.54,29.16
2019-12-26,21.46,72.49,13.17,42.71,56.79,43.18,34.68,51.04,56.85,29.76,29.31
2019-12-27,21.58,72.01,13.02,42.71,56.66,42.58,34.53,50.62,57.11,29.49,29.17
2019-12-30,21.3432,71.94,13.02,43.76,56.09,42.51,34.06,50.47,57.61,30.04,29.17
2019-12-31,21.51,73.04,13.125,43.45,56.27,42.46,34.05,50.44,57.36,29.76,29.28
2020-01-02,21.425,72.61,13.205,43.23,55.11,42.71,33.8,50.75,57.85,29.71,29.15
2020-01-03,21.481,71.57,12.8,42.84,54.38,41.53,33.2,50.38,57.97,29.55,28.88
2020-01-06,20.99,71.47,12.85,43.27,53.93,41.635,33.1,50.11,56.78,29.26,28.62
2020-01-07,21.31,72.43,13.05,43.24,53.8,41.67,33.83,49.44,56.78,29.37,28.79
2020-01-08,20.46,71.19,13.17,42.09,53.7,41.91,33.865,49.74,56.85,28.02,28.27
2020-01-09,19.79,72.75,12.955,41.66,53.49,42.24,33.54,50.9,56.835,27.76,27.81
2020-01-10,19.45,72.08,12.9,42.27,52.77,42.99,32.7,51.31,57.04,27.775,27.56
2020-01-13,19.62,75.84,13.53,42.46,53.36,44.39,33.25,52.04,58.35,27.46,27.81
2020-01-14,20.37,78.17,13.21,42.82,53.98,44.29,33.61,52.76,58.34,27.73,28.1
2020-01-15,20.185,80.12,12.98,43.51,53.44,43.81,33.03,53.11,58.92,28.14,28.01
2020-01-16,17.79,80.42,12.86,43.83,53.36,43.5,32.96,53.67,59.63,28.035,27.94
2020-01-17,17.68,80.89,12.87,43.48,53.8,43.93,33.21,53.85,59.31,28.21,27.45
2020-01-21,17.11,81.33,12.27,43.69,52.35,42.27,31.93,53.7,59.17,28.86,26.67
2020-01-22,16.59,81.37,12.32,43.78,51.96,41.88,32.04,55.07,58.31,29.15,26.58
2020-01-23,16.29,81.88,11.975,43.7,51.75,40.98,31.64,56.18,58.16,29.19,26.37
2020-01-24,15.51,81.15,11.84,44.29,50.32,39.85,30.73,54.77,56.84,29.736,25.99
2020-01-27,14.865,78.94,10.88,44.54,49.22,37.97,30.33,54.43,56.56,29.27,25.48
2020-01-28,14.71,80.19,11.3,44.29,49.47,38.85,30.7,56.23,56.97,28.86,25.12
2020-01-29,14.495,80.72,11.29,44.62,48.07,38.61,30.27,56.03,55.43,28.78,25.32
2020-01-30,14.29,80.76,11.32,44.96,48.86,38.88,30.44,55.76,55.62,28.99,25.38
2020-01-31,13.95,80.35,11.09,45.04,47.49,37.66,29.88,54.47,54.35,29.45,24.9
2020-02-03,14.24,80.79,11.45,45.59,47.94,38.19,30.02,54.14,54.38,28.93,25.11
2020-02-04,14.7,90.43,12.03,44.23,48.84,40.01,29.94,54.18,55.87,28.8,25.7
2020-02-05,15.81,87.51,12.405,44.3,49.52,40.16,30.12,54.54,57.41,28.46,26.76
2020-02-06,15.91,86.95,12.31,44.39,49.03,39.59,29.46,54.52,56.34,29.065,26.69
2020-02-07,15.55,82.53,11.8,44.02,47.92,38.64,29.03,55.35,55.28,28.54,26.06
2020-02-10,15.42,83.24,12.165,44.43,47.66,38.33,29.1,55.03,54.86,29.04,26.02
2020-02-11,15.75,84.75,12.4,44.23,48.35,38.94,29.68,55.23,55.65,29.45,26.34
2020-02-12,15.77,86.81,12.67,43.89,48.38,39.51,29.4,54.9875,56.7,28.86,26.05
2020-02-13,15.77,87.93,12.615,44.03,47.95,39.45,29.11,55.19,57.67,29.005,26.03
2020-02-14,15.67,89.65,12.235,44.07,47.15,39.27,28.43,55.29,56.63,29.985,25.62
2020-02-18,15.98,88.71,12.02,45.58,47.4,38.17,28.73,55.0,56.52,31.39,25.86
2020-02-19,16.7,89.02,12.1,46.16,47.7,38.81,29.11,55.03,51.95,32.18,26.17
2020-02-20,16.1,94.31,12.08,48.1,47.85,38.31,29.35,55.48,51.99,32.425,25.79
2020-02-21,16.11,92.43,11.94,49.44,48.57,37.82,29.695,55.29,53.02,32.9,25.64
2020-02-24,15.36,89.6,11.24,50.27,47.29,36.13,29.32,52.63,52.51,33.32,24.87
2020-02-25,14.5,85.85,10.72,49.14,44.95,35.05,28.05,51.57,49.98,33.15,23.99
2020-02-26,14.12,85.69,10.47,49.41,43.67,35.02,27.85,50.95,49.63,32.57,23.58
2020-02-27,13.45,80.8,9.79,46.53,41.81,33.57,26.89,48.83,50.87,30.96,22.56
2020-02-28,13.87,81.86,9.95,44.63,41.36,33.65,26.63,50.71,48.97,28.49,22.13
2020-03-02,13.72,84.3,10.51,46.82,42.71,35.11,27.28,52.4,51.62,29.29,22.72
2020-03-03,12.93,82.77,10.07,49.72,41.85,34.67,26.65,51.94,49.24,30.51,22.42
2020-03-04,12.89,86.31,10.45,51.01,43.18,35.88,27.35,54.49,49.55,30.63,22.95
2020-03-05,11.88,84.77,9.99,52.08,40.74,35.37,25.66,53.3,47.89,30.68,22.08
2020-03-06,11.01,82.63,9.44,52.355,39.61,35.3,24.95,51.64,47.56,30.53,21.33
2020-03-09,8.68,72.95,8.22,47.76,34.71,32.01,21.195,49.51,44.97,28.43,18.56
2020-03-10,9.25,75.17,9.0,48.39,37.13,35.23,22.59,49.21,45.47,29.47,19.27
2020-03-11,9.195,70.01,8.11,46.02,35.43,31.52,21.15,46.75,44.41,27.67,17.81
2020-03-12,7.51,64.78,7.17,44.42,31.77,26.58,18.74,41.16,40.78,26.53,15.78
2020-03-13,8.0,68.02,7.53,39.44,35.8,29.24,21.85,40.685,43.69,24.11,16.82
2020-03-16,6.82,58.93,6.24,40.71,30.63,27.63,17.86,38.76,39.62,24.5,15.62
2020-03-17,7.0,67.06,6.48,45.81,30.99,27.89,17.5,37.38,44.62,26.72,17.11
2020-03-18,5.7301,68.89,5.305,41.58,29.3401,25.9,15.6,31.4,41.66,25.63,14.52
2020-03-19,5.83,61.93,5.74,41.72,30.81,27.11,18.5,39.39,42.63,23.74,15.24
2020-03-20,5.47,53.4401,5.52,40.59,30.66,25.34,18.81,36.54,39.48,24.14,14.52
2020-03-23,5.675,50.86,5.4,41.66,28.44,23.48,17.89,36.9,39.26,25.4,14.33
2020-03-24,7.27,56.04,6.99,47.44,31.98,26.58,20.84,40.03,41.68,27.89,16.13
2020-03-25,7.09,60.02,7.26,47.47,31.2,27.58,19.7,39.23,41.22,29.05,16.23
2020-03-26,6.84,60.13,6.995,48.14,33.59,28.43,20.57,42.78,44.72,29.6,16.58
2020-03-27,6.55,54.98,6.2,46.42,33.35,26.59,20.27,42.77,42.31,28.19,15.64
2020-03-30,6.06,55.63,6.24,46.34,34.93,27.62,21.83,42.3,41.83,27.93,15.91
2020-03-31,6.155,56.37,6.74,45.17,36.03,28.16,22.54,42.55,42.0,27.5,16.14
2020-04-01,6.25,54.8,6.31,46.52,35.92,26.55,21.96,39.5,39.73,27.44,15.84
2020-04-02,6.07,53.67,6.4,48.26,35.96,27.33,21.28,39.69,40.19,28.37,16.11
2020-04-03,5.97,52.7,6.32,47.15,35.68,26.77,20.95,38.25,38.64,27.82,15.68
2020-04-06,6.55,56.93,7.19,50.08,37.52,28.4,22.6,41.46,41.58,29.35,16.87
2020-04-07,7.02,56.98,7.58,49.96,37.34,29.55,22.76,40.31,41.78,29.45,16.88
2020-04-08,7.265,61.79,8.03,50.52,39.06,30.14,23.51,42.24,43.71,29.38,17.41
2020-04-09,7.42,67.0,8.19,57.27,39.44,31.1,23.97,45.13,45.27,31.98,18.6
2020-04-13,7.55,63.22,8.3,59.8,38.8,30.84,23.67,43.25,43.61,33.92,18.55
2020-04-14,7.715,63.69,8.31,59.9,38.37,30.97,23.21,44.23,43.71,33.745,18.75
2020-04-15,7.26,58.23,7.665,58.2,35.53,28.92,21.85,42.42,41.26,33.23,17.63
2020-04-16,6.95,58.56,7.57,59.89,35.51,28.37,22.25,42.13,41.84,34.11,17.6
2020-04-17,7.58,61.41,8.33,59.23,37.35,30.25,23.47,44.43,43.66,34.32,17.97
2020-04-20,7.45,60.02,8.02,59.5,36.54,29.59,22.56,43.45,43.01,35.0,17.85
2020-04-21,7.31,57.86,7.405,59.27,36.06,29.03,22.21,42.855,42.76,35.0,17.46
2020-04-22,7.48,59.45,7.635,61.75,36.37,30.11,22.89,43.33,43.18,36.84,17.89
2020-04-23,7.29,60.58,7.81,62.44,37.73,30.87,24.07,43.92,44.02,38.75,18.0
2020-04-24,7.14,61.45,8.48,63.11,37.91,30.73,23.54,43.71,44.27,39.65,17.99
2020-04-27,7.37,62.26,8.855,62.64,40.56,32.57,24.95,46.33,46.16,39.73,18.57
2020-04-28,7.84,64.31,8.9171,62.67,40.5,33.36,24.73,47.82,47.57,39.68,18.95
2020-04-29,8.67,64.7,9.265,62.31,42.5,34.64,25.8803,49.18,51.86,40.38,20.23
2020-04-30,8.145,61.44,8.82,59.44,41.16,32.44,24.26,46.3,45.92,37.77,19.32
2020-05-01,7.69,57.44,8.46,61.03,41.0,31.76,24.41,45.48,45.33,41.09,18.89
2020-05-04,7.79,57.27,8.7,62.82,41.04,32.35,24.32,45.85,45.53,41.42,19.3
2020-05-05,7.79,58.44,8.8,64.83,40.77,32.34,24.14,46.92,46.49,42.57,19.16
2020-05-06,7.7001,58.04,8.59,62.42,40.5,32.52,23.88,45.93,44.34,41.94,18.73
2020-05-07,7.48,59.74,8.98,64.61,40.92,32.91,24.13,42.96,44.66,43.71,19.12
2020-05-08,8.06,64.26,9.21,64.55,42.21,34.52,25.37,44.08,46.56,43.42,20.24
2020-05-11,7.77,64.35,8.98,62.96,40.64,33.88,24.32,42.76,44.59,42.71,19.66
2020-05-12,7.29,59.28,8.67,62.47,39.01,33.08,23.23,40.42,43.72,42.37,18.77
2020-05-13,6.97,59.93,8.4,63.87,37.33,32.61,22.15,38.76,42.36,43.33,18.11
2020-05-14,6.8,59.73,8.28,66.64,37.48,32.94,22.25,38.02,42.58,43.99,18.41
2020-05-15,6.665,61.39,8.48,67.92,38.05,32.83,22.52,39.24,43.45,45.64,18.98
2020-05-18,7.8,63.92,9.175,66.26,40.85,35.63,24.36,41.14,45.46,45.25,20.18
2020-05-19,7.74,63.51,9.14,67.38,40.41,35.91,24.19,39.99,44.4,46.71,20.31
2020-05-20,8.35,68.14,9.125,65.74,40.67,36.04,24.61,40.8,44.86,46.2,20.67
2020-05-21,8.3,67.95,8.885,63.49,40.0,35.48,24.77,41.88,45.46,44.63,20.36
2020-05-22,8.21,68.13,8.735,63.03,39.49,35.18,24.45,41.44,45.69,44.8,20.15
2020-05-26,8.76,74.97,9.26,59.18,41.51,35.96,25.79,42.94,46.57,43.06,20.54
2020-05-27,9.785,75.04,9.29,58.73,43.1,36.32,27.39,44.5,48.85,42.21,21.3
2020-05-28,9.48,75.99,9.09,58.72,42.56,36.79,26.99,43.68,48.335,43.2,20.95
2020-05-29,9.21,76.57,9.07,58.47,42.25,36.27,26.54,44.01,48.4,43.0,20.85
2020-06-01,9.49,77.43,9.35,60.5,42.47,36.85,26.86,44.4,47.9,43.75,21.34
2020-06-02,9.935,78.5,9.75,58.47,43.23,37.5,27.21,47.27,49.27,41.69,21.23
2020-06-03,10.78,79.0,10.15,56.03,44.12,38.285,27.88,49.21,49.91,39.26,21.69
2020-06-04,11.64,79.92,10.21,55.9,44.64,38.09,28.16,49.805,50.9,38.99,22.15
2020-06-05,12.05,84.37,10.85,54.75,45.46,38.97,29.15,51.49,52.9,37.75,23.01
2020-06-08,13.0,86.67,11.2586,55.54,45.5,38.77,29.6,50.55,53.65,37.91,23.8201
2020-06-09,12.58,85.13,11.265,57.17,44.26,38.99,29.32,49.74,51.52,38.18,23.402
2020-06-10,12.165,83.97,11.48,58.72,44.09,39.47,28.83,48.57,50.92,40.31,23.17
2020-06-11,10.41,74.56,9.9073,56.04,39.66,36.075,25.59,46.02,46.35,38.28,20.65
2020-06-12,11.215,77.12,10.22,56.005,40.79,36.8,26.22,44.94,47.34,38.86,21.08
2020-06-15,11.42,76.44,10.47,56.9,41.94,37.22,26.73,45.59,47.77,40.025,21.57
2020-06-16,11.56,79.28,10.81,55.96,44.62,37.35,28.14,47.08,49.15,38.81,22.15
2020-06-17,11.57,79.14,10.69,55.58,43.99,37.61,27.38,46.79,47.47,39.49,21.59
2020-06-18,11.66,78.79,10.55,55.56,43.525,36.89,26.77,46.97,47.42,39.25,21.06
2020-06-19,11.47,78.38,10.51,56.99,42.67,37.67,27.17,46.93,46.67,41.79,20.97
2020-06-22,11.875,75.79,10.79,58.24,42.3,37.45,27.23,46.78,47.67,42.45,21.22
2020-06-23,12.21,76.12,11.085,58.93,42.23,38.32,27.24,47.46,47.51,42.8,21.32
2020-06-24,11.135,73.31,10.56,58.4,40.69,37.49,25.86,45.33,46.27,41.54,20.45
2020-06-25,11.82,73.92,11.08,58.58,41.41,38.31,26.7,45.58,46.64,42.205,20.86
2020-06-26,10.9,74.61,10.79,59.31,40.6,37.7,25.43,45.0,45.65,42.21,20.18
2020-06-29,10.99,76.39,11.03,59.53,40.9,38.39,25.76,47.45,48.57,42.41,20.87
2020-06-30,11.23,77.19,11.56,61.72,41.4,39.73,26.08,48.0,48.85,44.02,21.2
2020-07-01,10.94,76.06,11.49,61.36,40.38,38.6,25.5,46.55,47.43,43.74,20.73
2020-07-02,10.97,78.55,11.5,60.95,41.4,38.9,25.99,46.71,47.65,43.29,20.78
2020-07-06,11.47,81.21,12.745,61.17,41.64,40.74,25.95,47.14,48.19,44.35,21.23
2020-07-07,11.24,77.98,12.73,62.47,41.17,40.02,25.59,46.66,46.89,45.11,20.93
2020-07-08,11.1,77.95,12.82,63.44,39.67,40.63,24.88,47.255,47.46,46.92,20.87
2020-07-09,10.53,75.76,12.89,62.75,38.8,40.34,24.52,46.52,46.11,46.72,20.54
2020-07-10,11.42,78.89,12.98,61.88,40.44,41.66,25.81,47.95,47.14,46.64,21.37
2020-07-13,11.51,81.61,13.02,59.52,39.94,41.18,25.56,47.06,47.14,45.2,21.16
2020-07-14,12.605,84.15,13.5,61.76,41.04,42.47,26.46,48.52,48.28,47.09,22.03
2020-07-15,12.68,86.57,13.54,62.13,41.68,42.8,27.01,50.52,49.39,47.25,22.59
2020-07-16,13.535,86.49,13.49,61.57,41.8,42.71,27.06,50.57,49.36,46.78,22.39
2020-07-17,13.07,88.44,13.58,62.93,41.27,43.69,26.81,50.5,49.73,48.165,22.4
2020-07-20,12.72,87.0,13.435,64.19,40.72,43.79,26.48,50.57,48.58,49.44,22.38
2020-07-21,13.16,87.21,13.39,64.27,41.88,43.21,27.05,51.65,50.31,51.2,22.94
2020-07-22,13.06,87.69,13.62,65.47,42.25,43.79,27.72,51.8465,50.16,52.25,23.23
2020-07-23,12.71,87.94,13.32,65.78,42.63,43.37,27.56,51.96,50.47,50.99,23.04
2020-07-24,12.75,87.07,13.11,66.75,42.85,43.01,27.81,50.79,49.94,53.61,23.01
2020-07-27,13.24,85.78,13.56,69.05,43.84,46.07,28.38,51.97,50.42,56.22,23.68
2020-07-28,12.91,83.7,13.23,68.6,42.67,44.9,27.32,51.56,49.16,55.52,23.21
2020-07-29,13.18,83.84,13.31,67.86,43.25,44.26,27.99,52.69,51.06,54.84,23.6
2020-07-30,13.19,82.99,12.95,65.66,42.7,43.86,27.59,52.31,49.52,52.8,23.11
2020-07-31,13.0,82.44,12.92,69.22,41.94,43.73,27.4,51.76,50.28,54.33,22.89
2020-08-03,13.675,83.34,13.1,68.15,42.86,44.14,28.14,53.1,50.23,53.01,23.36
2020-08-04,13.67,85.35,12.96,70.25,43.02,43.56,27.9,54.01,50.25,56.13,23.76
2020-08-05,14.682,88.61,13.97,70.37,43.47,45.28,28.16,61.03,52.5,56.21,24.52
2020-08-06,14.91,83.33,14.56,70.11,43.27,46.16,28.0,62.69,52.25,55.4,24.565
2020-08-07,14.68,84.53,13.97,68.91,44.34,45.08,28.51,62.9,54.1,52.86,24.38
2020-08-10,15.57,87.23,14.39,67.91,46.1,45.87,30.19,65.92,55.11,52.77,25.33
2020-08-11,14.89,92.5,13.96,62.88,45.41,44.53,30.32,67.03,55.205,49.22,24.77
2020-08-12,14.96,91.02,13.96,62.98,45.89,45.33,30.69,68.01,54.97,49.38,24.75
2020-08-13,14.48,91.59,13.78,64.11,45.49,44.86,30.57,68.53,53.92,50.82,24.66
2020-08-14,14.63,92.3962,13.77,63.85,46.26,45.2,30.95,68.78,53.87,50.56,24.79
2020-08-17,14.505,91.71,14.11,68.35,46.37,45.94,30.88,67.77,53.91,52.92,25.2
2020-08-18,14.76,92.17,14.41,67.7,46.37,46.54,30.39,66.16,53.39,52.83,25.05
2020-08-19,15.3,92.25,14.93,65.98,45.8,46.76,30.17,65.9,53.19,51.5,24.72
2020-08-20,15.18,91.08,14.7,67.24,45.64,46.5,30.18,66.19,52.44,52.48,24.8
2020-08-21,14.6,89.74,14.36,65.56,44.69,45.98,29.6,66.5,51.8,51.86,24.14
2020-08-24,15.12,92.0,14.555,65.2,46.02,46.6,30.3,67.1,53.36,51.15,24.59
2020-08-25,15.05,91.09,14.46,64.86,45.57,46.26,29.85,66.02,52.56,51.34,24.53
2020-08-26,15.07,91.94,15.02,65.67,45.52,47.2,29.73,65.97,52.32,53.04,24.63
2020-08-27,14.84,91.13,14.905,64.76,45.56,46.3,29.79,65.81,52.18,51.4,24.54
2020-08-28,15.12,92.32,15.66,66.71,45.98,48.21,30.2,64.78,52.39,53.04,25.06
2020-08-31,14.62,90.91,15.61,67.24,45.47,48.1,29.52,62.44,51.68,53.36,24.8
2020-09-01,15.08,97.42,16.18,67.02,46.64,48.53,30.08,64.11,51.7,52.99,25.07
